url,lastmod,sitemap
https://www.littleflowercottage.com/blog/,2026-09-09T09:48:03+00:00,https://www.littleflowercottage.com/post-sitemap.xml
https://www.littleflowercottage.com/lemon-trees-in-pots/,2025-03-07T14:40:01+00:00,https://www.littleflowercottage.com/post-sitemap.xml
https://www.littleflowercottage.com/7-reasons-your-monstera-plant-is-curling-and-how-to-fix-it/,2025-05-19T19:29:30+00:00,https://www.littleflowercottage.com/post-sitemap.xml
https://www.littleflowercottage.com/best-monstera-plants-for-small-spaces/,2025-05-21T19:33:17+00:00,https://www.littleflowercottage.com/post-sitemap.xml
https://www.littleflowercottage.com/7-surprising-reasons-your-monstera-leaves-are-turning-yellow/,2025-05-21T20:02:14+00:00,https://www.littleflowercottage.com/post-sitemap.xml
https://www.littleflowercottage.com/monstera-plant-lighting-requirements-guide/,2025-05-21T20:12:53+00:00,https://www.littleflowercottage.com/post-sitemap.xml
https://www.littleflowercottage.com/best-plants-for-miniature-gardens/,2025-05-27T12:48:46+00:00,https://www.littleflowercottage.com/post-sitemap.xml
https://www.littleflowercottage.com/15-perfect-flowers-for-small-balcony-gardens-to-brighten-your-space/,2025-06-09T13:56:13+00:00,https://www.littleflowercottage.com/post-sitemap.xml
https://www.littleflowercottage.com/15-fantastic-plants-to-grow-in-hanging-baskets-for-stunning-outdoor-displays/,2025-06-10T19:39:44+00:00,https://www.littleflowercottage.com/post-sitemap.xml
https://www.littleflowercottage.com/10-plants-and-flowers-that-can-harm-your-dog/,2025-06-12T13:12:25+00:00,https://www.littleflowercottage.com/post-sitemap.xml
https://www.littleflowercottage.com/7-common-orchid-pests-and-how-to-get-rid-of-them/,2025-06-13T10:49:14+00:00,https://www.littleflowercottage.com/post-sitemap.xml
https://www.littleflowercottage.com/8-stunning-orchid-varieties-you-can-grow-indoors/,2025-06-15T13:36:52+00:00,https://www.littleflowercottage.com/post-sitemap.xml
https://www.littleflowercottage.com/how-to-revive-a-dying-succulent-6-tips-you-need-to-know/,2025-06-17T10:49:26+00:00,https://www.littleflowercottage.com/post-sitemap.xml
https://www.littleflowercottage.com/7-easy-houseplants-for-beginners-that-wont-die-on-you/,2025-06-18T10:13:26+00:00,https://www.littleflowercottage.com/post-sitemap.xml
https://www.littleflowercottage.com/how-to-grow-zinnias-in-pots/,2025-07-06T13:21:42+00:00,https://www.littleflowercottage.com/post-sitemap.xml
https://www.littleflowercottage.com/9-ways-to-make-a-monstera-plant-bushy/,2025-10-17T11:26:37+00:00,https://www.littleflowercottage.com/post-sitemap.xml
https://www.littleflowercottage.com/how-to-grow-zinnias-an-easy-to-follow-guide-for-success/,2025-10-17T16:12:44+00:00,https://www.littleflowercottage.com/post-sitemap.xml
https://www.littleflowercottage.com/plants-you-should-never-plant-with-forget-me-nots/,2025-10-17T17:08:51+00:00,https://www.littleflowercottage.com/post-sitemap.xml
https://www.littleflowercottage.com/plants-not-to-plant-with-nigella/,2025-10-17T19:51:11+00:00,https://www.littleflowercottage.com/post-sitemap.xml
https://www.littleflowercottage.com/13-plants-not-to-plant-with-poinsettia/,2025-10-17T19:51:47+00:00,https://www.littleflowercottage.com/post-sitemap.xml
https://www.littleflowercottage.com/11-plants-not-to-plant-with-amaranthus/,2025-10-17T19:52:05+00:00,https://www.littleflowercottage.com/post-sitemap.xml
https://www.littleflowercottage.com/why-is-my-monstera-not-growing-12-reasons-and-how-to-fix-it/,2025-10-18T08:00:00+00:00,https://www.littleflowercottage.com/post-sitemap.xml
https://www.littleflowercottage.com/10-plants-not-to-plant-with-hyacinth/,2025-10-19T12:55:11+00:00,https://www.littleflowercottage.com/post-sitemap.xml
https://www.littleflowercottage.com/13-plants-not-to-plant-with-fuchsia-and-why/,2025-10-19T13:17:46+00:00,https://www.littleflowercottage.com/post-sitemap.xml
https://www.littleflowercottage.com/10-plants-not-to-grow-with-basil/,2025-10-19T19:33:34+00:00,https://www.littleflowercottage.com/post-sitemap.xml
https://www.littleflowercottage.com/the-best-flowers-for-fathers-day-the-ultimate-guide-to-breaking-tradition/,2025-10-20T14:32:10+00:00,https://www.littleflowercottage.com/post-sitemap.xml
https://www.littleflowercottage.com/the-best-perennial-flowers-that-bloom-all-year/,2025-10-20T16:34:02+00:00,https://www.littleflowercottage.com/post-sitemap.xml
https://www.littleflowercottage.com/how-to-revive-a-dying-zinnia/,2025-10-20T16:49:10+00:00,https://www.littleflowercottage.com/post-sitemap.xml
https://www.littleflowercottage.com/7-reasons-your-zinnias-leaves-are-turning-brown-and-how-to-fix-it/,2025-10-20T16:53:39+00:00,https://www.littleflowercottage.com/post-sitemap.xml
https://www.littleflowercottage.com/7-reasons-why-your-zinnia-leaves-are-wilting/,2025-10-20T16:54:17+00:00,https://www.littleflowercottage.com/post-sitemap.xml
https://www.littleflowercottage.com/8-reasons-your-zinnias-are-dying-and-how-to-fix-them/,2025-10-20T16:55:02+00:00,https://www.littleflowercottage.com/post-sitemap.xml
https://www.littleflowercottage.com/11-reasons-your-peace-lily-leaves-are-curling-with-fixes/,2025-10-20T17:06:30+00:00,https://www.littleflowercottage.com/post-sitemap.xml
https://www.littleflowercottage.com/how-to-care-for-a-peace-lily-indoors/,2025-10-20T17:08:36+00:00,https://www.littleflowercottage.com/post-sitemap.xml
https://www.littleflowercottage.com/8-reasons-your-peace-lily-leaves-are-turning-brown-with-fixes/,2025-10-20T17:09:50+00:00,https://www.littleflowercottage.com/post-sitemap.xml
https://www.littleflowercottage.com/how-to-make-your-orchid-bloom-all-year-long/,2025-11-11T21:02:44+00:00,https://www.littleflowercottage.com/post-sitemap.xml
https://www.littleflowercottage.com/spider-plant-care-guide/,2025-11-11T22:41:04+00:00,https://www.littleflowercottage.com/post-sitemap.xml
https://www.littleflowercottage.com/how-to-propagate-a-snake-plant-the-ultimate-guide/,2025-12-20T14:32:05+00:00,https://www.littleflowercottage.com/post-sitemap.xml
https://www.littleflowercottage.com/how-to-propagate-pothos-plants-a-step-by-step-guide/,2025-12-20T14:32:49+00:00,https://www.littleflowercottage.com/post-sitemap.xml
https://www.littleflowercottage.com/how-to-propagate-a-spider-plant-a-step-by-step-guide/,2025-12-20T14:34:22+00:00,https://www.littleflowercottage.com/post-sitemap.xml
https://www.littleflowercottage.com/how-much-water-does-a-monstera-need/,2026-01-08T15:00:29+00:00,https://www.littleflowercottage.com/post-sitemap.xml
https://www.littleflowercottage.com/the-best-monstera-plant-support-ideas/,2026-01-08T15:18:25+00:00,https://www.littleflowercottage.com/post-sitemap.xml
https://www.littleflowercottage.com/ways-to-save-a-dying-monstera-plant/,2026-01-08T18:02:45+00:00,https://www.littleflowercottage.com/post-sitemap.xml
https://www.littleflowercottage.com/plants-you-can-grow-without-sunlight/,2026-01-08T20:13:22+00:00,https://www.littleflowercottage.com/post-sitemap.xml
https://www.littleflowercottage.com/8-ways-to-save-a-dying-corn-plant/,2026-01-09T20:55:43+00:00,https://www.littleflowercottage.com/post-sitemap.xml
https://www.littleflowercottage.com/signs-your-monstera-is-dying-and-how-to-save-it/,2026-01-09T21:44:01+00:00,https://www.littleflowercottage.com/post-sitemap.xml
https://www.littleflowercottage.com/tips-for-growing-orchids-indoors/,2026-01-13T22:21:29+00:00,https://www.littleflowercottage.com/post-sitemap.xml
https://www.littleflowercottage.com/the-best-soil-mix-for-monstera-plants/,2026-01-14T09:44:57+00:00,https://www.littleflowercottage.com/post-sitemap.xml
https://www.littleflowercottage.com/flowers-that-grow-in-shade/,2026-01-14T14:01:26+00:00,https://www.littleflowercottage.com/post-sitemap.xml
https://www.littleflowercottage.com/7-ways-to-make-your-peace-lily-bloom-again/,2026-01-14T14:25:01+00:00,https://www.littleflowercottage.com/post-sitemap.xml
https://www.littleflowercottage.com/15-reasons-why-your-pothos-is-leggy-and-how-to-fix-it/,2026-01-23T22:04:22+00:00,https://www.littleflowercottage.com/post-sitemap.xml
https://www.littleflowercottage.com/10-reasons-your-peace-lily-leaves-are-turning-yellow-with-fixes/,2026-02-09T14:32:12+00:00,https://www.littleflowercottage.com/post-sitemap.xml
https://www.littleflowercottage.com/10-tips-to-train-monstera-to-climb-and-make-it-look-good/,2026-02-09T14:57:54+00:00,https://www.littleflowercottage.com/post-sitemap.xml
https://www.littleflowercottage.com/how-to-propagate-zz-plant-a-step-by-step-guide/,2026-02-09T16:49:27+00:00,https://www.littleflowercottage.com/post-sitemap.xml
https://www.littleflowercottage.com/monstera-care-guide-easy-tips-for-growing-monstera/,2026-02-09T17:28:32+00:00,https://www.littleflowercottage.com/post-sitemap.xml
https://www.littleflowercottage.com/best-houseplants-to-transform-your-home-into-a-jungle/,2026-02-14T16:45:45+00:00,https://www.littleflowercottage.com/post-sitemap.xml
https://www.littleflowercottage.com/best-plants-for-the-top-of-a-cabinet/,2026-02-14T16:50:10+00:00,https://www.littleflowercottage.com/post-sitemap.xml
https://www.littleflowercottage.com/tips-for-caring-for-an-orchid-indoors/,2026-02-15T21:58:59+00:00,https://www.littleflowercottage.com/post-sitemap.xml
https://www.littleflowercottage.com/15-flowers-that-bloom-all-year-round-enhance-your-garden-with-year-round-color/,2026-02-16T22:09:06+00:00,https://www.littleflowercottage.com/post-sitemap.xml
https://www.littleflowercottage.com/10-signs-your-spider-plant-is-dying-and-what-to-do/,2026-02-17T11:36:27+00:00,https://www.littleflowercottage.com/post-sitemap.xml
https://www.littleflowercottage.com/7-mistakes-youre-making-with-your-orchids-and-how-to-fix-them/,2026-02-18T17:49:32+00:00,https://www.littleflowercottage.com/post-sitemap.xml
https://www.littleflowercottage.com/watering-an-orchid-guide/,2026-02-18T19:05:57+00:00,https://www.littleflowercottage.com/post-sitemap.xml
https://www.littleflowercottage.com/how-long-do-orchid-blooms-last/,2026-02-19T09:21:13+00:00,https://www.littleflowercottage.com/post-sitemap.xml
https://www.littleflowercottage.com/reasons-why-the-flowers-are-falling-off-your-orchid/,2026-02-19T09:40:32+00:00,https://www.littleflowercottage.com/post-sitemap.xml
https://www.littleflowercottage.com/where-to-cut-orchid-stems-after-they-bloom/,2026-02-19T09:50:41+00:00,https://www.littleflowercottage.com/post-sitemap.xml
https://www.littleflowercottage.com/how-to-make-an-orchid-rebloom/,2026-02-19T09:56:25+00:00,https://www.littleflowercottage.com/post-sitemap.xml
https://www.littleflowercottage.com/growing-and-caring-for-chrysanthemum/,2026-02-19T11:19:44+00:00,https://www.littleflowercottage.com/post-sitemap.xml
https://www.littleflowercottage.com/flowers-that-look-like-bluebells/,2026-02-19T12:37:10+00:00,https://www.littleflowercottage.com/post-sitemap.xml
https://www.littleflowercottage.com/plants-that-survive-winter-outside/,2026-02-19T12:43:01+00:00,https://www.littleflowercottage.com/post-sitemap.xml
https://www.littleflowercottage.com/flowers-that-attract-birds-to-your-garden/,2026-02-19T13:54:13+00:00,https://www.littleflowercottage.com/post-sitemap.xml
https://www.littleflowercottage.com/flowers-that-attract-butterflies-to-your-garden/,2026-02-19T14:05:01+00:00,https://www.littleflowercottage.com/post-sitemap.xml
https://www.littleflowercottage.com/companion-plants-for-mustard/,2026-02-19T18:13:20+00:00,https://www.littleflowercottage.com/post-sitemap.xml
https://www.littleflowercottage.com/companion-plants-for-alyssum/,2026-02-19T18:15:50+00:00,https://www.littleflowercottage.com/post-sitemap.xml
https://www.littleflowercottage.com/how-to-grow-star-of-the-veldt/,2026-02-19T18:20:20+00:00,https://www.littleflowercottage.com/post-sitemap.xml
https://www.littleflowercottage.com/how-to-grow-ursinia/,2026-02-19T18:33:47+00:00,https://www.littleflowercottage.com/post-sitemap.xml
https://www.littleflowercottage.com/how-to-grow-immortelle/,2026-02-19T18:47:34+00:00,https://www.littleflowercottage.com/post-sitemap.xml
https://www.littleflowercottage.com/how-to-grow-mignonette/,2026-02-19T20:24:57+00:00,https://www.littleflowercottage.com/post-sitemap.xml
https://www.littleflowercottage.com/how-to-grow-toadflax/,2026-02-19T20:33:31+00:00,https://www.littleflowercottage.com/post-sitemap.xml
https://www.littleflowercottage.com/how-to-grow-malope/,2026-02-19T20:37:18+00:00,https://www.littleflowercottage.com/post-sitemap.xml
https://www.littleflowercottage.com/10-plants-to-never-grow-next-to-roses/,2026-02-19T20:38:45+00:00,https://www.littleflowercottage.com/post-sitemap.xml
https://www.littleflowercottage.com/how-to-care-for-tulips-in-a-vase-helpful-tips/,2026-02-19T20:39:38+00:00,https://www.littleflowercottage.com/post-sitemap.xml
https://www.littleflowercottage.com/10-best-plants-to-plant-with-tulips/,2026-02-19T20:40:28+00:00,https://www.littleflowercottage.com/post-sitemap.xml
https://www.littleflowercottage.com/how-to-revive-a-dying-spider-plant-a-simple-guide/,2026-02-19T20:59:04+00:00,https://www.littleflowercottage.com/post-sitemap.xml
https://www.littleflowercottage.com/how-to-grow-tulips-indoors-a-simple-guide/,2026-02-19T20:59:56+00:00,https://www.littleflowercottage.com/post-sitemap.xml
https://www.littleflowercottage.com/10-reasons-your-spider-plant-is-turning-yellow-and-how-to-fix-it/,2026-02-19T21:38:05+00:00,https://www.littleflowercottage.com/post-sitemap.xml
https://www.littleflowercottage.com/7-reasons-your-peace-lily-leaves-are-turning-brown-with-how-to-fix-them/,2026-02-20T08:52:34+00:00,https://www.littleflowercottage.com/post-sitemap.xml
https://www.littleflowercottage.com/5-reasons-why-your-spider-plant-leaves-are-bending/,2026-02-20T09:02:58+00:00,https://www.littleflowercottage.com/post-sitemap.xml
https://www.littleflowercottage.com/spider-plant-root-rot-causes-signs-how-to-save/,2026-02-20T09:03:24+00:00,https://www.littleflowercottage.com/post-sitemap.xml
https://www.littleflowercottage.com/the-7-best-zinnias-for-attracting-butterflies/,2026-02-20T09:03:57+00:00,https://www.littleflowercottage.com/post-sitemap.xml
https://www.littleflowercottage.com/the-6-best-zinnias-for-pollinators/,2026-02-20T09:04:25+00:00,https://www.littleflowercottage.com/post-sitemap.xml
https://www.littleflowercottage.com/how-to-get-rid-of-common-pests-on-your-peace-lily/,2026-02-20T09:13:39+00:00,https://www.littleflowercottage.com/post-sitemap.xml
https://www.littleflowercottage.com/spider-plants-watering-guide-how-to-how-often-when-more/,2026-02-20T09:17:40+00:00,https://www.littleflowercottage.com/post-sitemap.xml
https://www.littleflowercottage.com/zz-plant-care-the-ultimate-guide-to-thriving-with-the-easiest-houseplant/,2026-02-20T09:49:40+00:00,https://www.littleflowercottage.com/post-sitemap.xml
https://www.littleflowercottage.com/12-tips-to-save-a-dying-zz-plant/,2026-02-20T09:50:14+00:00,https://www.littleflowercottage.com/post-sitemap.xml
https://www.littleflowercottage.com/7-reasons-why-your-zz-plant-leaves-are-turning-yellow-and-how-to-fix-them/,2026-02-20T09:50:50+00:00,https://www.littleflowercottage.com/post-sitemap.xml
https://www.littleflowercottage.com/peace-lily-care-guide-tips-to-get-thriving-plants/,2026-02-20T09:53:37+00:00,https://www.littleflowercottage.com/post-sitemap.xml
https://www.littleflowercottage.com/peace-lily-watering-guide-how-to-how-often-when-more/,2026-02-20T11:02:35+00:00,https://www.littleflowercottage.com/post-sitemap.xml
https://www.littleflowercottage.com/10-signs-your-zz-plant-is-dying-and-how-to-save-it/,2026-02-20T11:21:05+00:00,https://www.littleflowercottage.com/post-sitemap.xml
https://www.littleflowercottage.com/10-reasons-your-zz-plant-isnt-growing-and-how-to-fix-it/,2026-02-20T11:42:15+00:00,https://www.littleflowercottage.com/post-sitemap.xml
https://www.littleflowercottage.com/how-to-propagate-a-zz-plant-in-water/,2026-02-20T11:43:02+00:00,https://www.littleflowercottage.com/post-sitemap.xml
https://www.littleflowercottage.com/16-reasons-your-zz-plant-is-turning-brown-and-how-to-fix-it/,2026-02-20T11:43:49+00:00,https://www.littleflowercottage.com/post-sitemap.xml
https://www.littleflowercottage.com/7-reasons-for-a-leggy-zz-plant-and-how-to-fix-it/,2026-02-20T12:10:21+00:00,https://www.littleflowercottage.com/post-sitemap.xml
https://www.littleflowercottage.com/9-reasons-your-zz-plant-is-drooping-and-how-to-fix-it/,2026-02-20T12:11:42+00:00,https://www.littleflowercottage.com/post-sitemap.xml
https://www.littleflowercottage.com/9-steps-to-save-a-dying-pothos-plant/,2026-02-20T12:12:25+00:00,https://www.littleflowercottage.com/post-sitemap.xml
https://www.littleflowercottage.com/10-surprising-benefits-of-growing-the-zz-plant/,2026-02-20T12:30:55+00:00,https://www.littleflowercottage.com/post-sitemap.xml
https://www.littleflowercottage.com/zz-plant-watering-guide-when-to-how-much-how-often-and-more/,2026-02-20T12:31:42+00:00,https://www.littleflowercottage.com/post-sitemap.xml
https://www.littleflowercottage.com/15-tips-to-make-your-zz-plant-grow-faster-and-healthier/,2026-02-20T12:36:23+00:00,https://www.littleflowercottage.com/post-sitemap.xml
https://www.littleflowercottage.com/pothos-plant-care-guide/,2026-02-20T13:56:29+00:00,https://www.littleflowercottage.com/post-sitemap.xml
https://www.littleflowercottage.com/7-signs-your-pothos-plant-is-dying-and-how-to-save-it/,2026-02-20T13:57:21+00:00,https://www.littleflowercottage.com/post-sitemap.xml
https://www.littleflowercottage.com/13-reasons-your-pothos-is-turning-brown-and-how-to-fix-it/,2026-02-20T13:58:59+00:00,https://www.littleflowercottage.com/post-sitemap.xml
https://www.littleflowercottage.com/15-tips-to-help-your-pothos-plant-climb-like-a-pro/,2026-02-20T14:00:08+00:00,https://www.littleflowercottage.com/post-sitemap.xml
https://www.littleflowercottage.com/9-reasons-your-pothos-plant-leaves-are-drooping-and-how-to-fix-them/,2026-02-20T14:01:11+00:00,https://www.littleflowercottage.com/post-sitemap.xml
https://www.littleflowercottage.com/9-reasons-your-pothos-leaves-are-turning-black-and-how-to-fix-it/,2026-02-20T14:02:44+00:00,https://www.littleflowercottage.com/post-sitemap.xml
https://www.littleflowercottage.com/7-reasons-for-holes-in-your-pothos-leaves-and-how-to-fix-them/,2026-02-20T14:04:07+00:00,https://www.littleflowercottage.com/post-sitemap.xml
https://www.littleflowercottage.com/9-reasons-your-pothos-plant-has-brown-leaves-and-how-to-save-them/,2026-02-20T14:05:18+00:00,https://www.littleflowercottage.com/post-sitemap.xml
https://www.littleflowercottage.com/7-signs-of-root-rot-in-pothos-with-causes-how-to-fix-more/,2026-02-20T14:06:41+00:00,https://www.littleflowercottage.com/post-sitemap.xml
https://www.littleflowercottage.com/20-simple-tips-to-grow-bigger-pothos-leaves/,2026-02-20T14:08:59+00:00,https://www.littleflowercottage.com/post-sitemap.xml
https://www.littleflowercottage.com/how-to-propagate-pothos-in-water/,2026-02-20T14:10:47+00:00,https://www.littleflowercottage.com/post-sitemap.xml
https://www.littleflowercottage.com/how-to-grow-pothos-in-water-a-simple-guide/,2026-02-20T14:11:35+00:00,https://www.littleflowercottage.com/post-sitemap.xml
https://www.littleflowercottage.com/20-reasons-your-pothos-isnt-growing-with-fixes/,2026-02-20T14:23:32+00:00,https://www.littleflowercottage.com/post-sitemap.xml
https://www.littleflowercottage.com/10-signs-your-pothos-is-root-bound-and-how-to-fix-it/,2026-02-20T14:24:25+00:00,https://www.littleflowercottage.com/post-sitemap.xml
https://www.littleflowercottage.com/lighting-requirements-guide-for-pothos-plant/,2026-02-20T14:25:03+00:00,https://www.littleflowercottage.com/post-sitemap.xml
https://www.littleflowercottage.com/how-to-get-rid-of-bugs-on-pothos-plants/,2026-02-20T14:26:02+00:00,https://www.littleflowercottage.com/post-sitemap.xml
https://www.littleflowercottage.com/how-to-care-for-pothos-plant-indoors/,2026-02-20T14:26:57+00:00,https://www.littleflowercottage.com/post-sitemap.xml
https://www.littleflowercottage.com/pothos-climbing-ideas/,2026-02-20T14:27:36+00:00,https://www.littleflowercottage.com/post-sitemap.xml
https://www.littleflowercottage.com/pothos-plant-watering-guide-when-to-how-to-more/,2026-02-20T14:34:28+00:00,https://www.littleflowercottage.com/post-sitemap.xml
https://www.littleflowercottage.com/soil-guide-for-pothos-plants-the-right-mix-and-more/,2026-02-20T14:46:50+00:00,https://www.littleflowercottage.com/post-sitemap.xml
https://www.littleflowercottage.com/15-benefits-of-growing-pothos-plant/,2026-02-20T14:47:39+00:00,https://www.littleflowercottage.com/post-sitemap.xml
https://www.littleflowercottage.com/9-reasons-your-snake-plant-leaves-are-curling/,2026-02-20T15:03:35+00:00,https://www.littleflowercottage.com/post-sitemap.xml
https://www.littleflowercottage.com/9-reasons-your-snake-plant-is-turning-brown/,2026-02-20T15:04:31+00:00,https://www.littleflowercottage.com/post-sitemap.xml
https://www.littleflowercottage.com/9-reasons-your-snake-plant-leaves-are-turning-yellow/,2026-02-20T15:05:04+00:00,https://www.littleflowercottage.com/post-sitemap.xml
https://www.littleflowercottage.com/7-reasons-why-your-snake-plant-leaves-are-splitting/,2026-02-20T15:06:12+00:00,https://www.littleflowercottage.com/post-sitemap.xml
https://www.littleflowercottage.com/8-ways-to-save-a-dying-snake-plant/,2026-02-20T15:06:55+00:00,https://www.littleflowercottage.com/post-sitemap.xml
https://www.littleflowercottage.com/9-reasons-your-snake-plant-is-leaning-and-how-to-fix-it/,2026-02-20T15:10:11+00:00,https://www.littleflowercottage.com/post-sitemap.xml
https://www.littleflowercottage.com/9-reasons-your-snake-plant-isnt-growing/,2026-02-20T15:30:58+00:00,https://www.littleflowercottage.com/post-sitemap.xml
https://www.littleflowercottage.com/7-signs-your-snake-plant-is-dying-and-how-to-save-it/,2026-02-20T15:32:20+00:00,https://www.littleflowercottage.com/post-sitemap.xml
https://www.littleflowercottage.com/7-reasons-your-snake-plant-is-wrinkled-and-how-to-fix-it/,2026-02-20T15:33:13+00:00,https://www.littleflowercottage.com/post-sitemap.xml
https://www.littleflowercottage.com/where-to-put-your-peace-lily-indoors/,2026-02-20T17:00:23+00:00,https://www.littleflowercottage.com/post-sitemap.xml
https://www.littleflowercottage.com/ways-to-make-your-pothos-plant-grow-faster/,2026-02-20T17:07:47+00:00,https://www.littleflowercottage.com/post-sitemap.xml
https://www.littleflowercottage.com/best-fertilizer-to-make-your-peace-lily-bloom/,2026-02-20T17:08:53+00:00,https://www.littleflowercottage.com/post-sitemap.xml
https://www.littleflowercottage.com/tips-to-make-your-orchid-grow-faster/,2026-02-20T17:09:15+00:00,https://www.littleflowercottage.com/post-sitemap.xml
https://www.littleflowercottage.com/best-monstera-plants-for-beginners-which-swiss-cheese-plant-is-right-for-you/,2026-02-20T19:39:29+00:00,https://www.littleflowercottage.com/post-sitemap.xml
https://www.littleflowercottage.com/monstera-watering-guide/,2026-02-20T20:16:17+00:00,https://www.littleflowercottage.com/post-sitemap.xml
https://www.littleflowercottage.com/13-plants-not-to-plant-with-buttercups/,2026-02-20T21:13:50+00:00,https://www.littleflowercottage.com/post-sitemap.xml
https://www.littleflowercottage.com/plants-not-to-plant-with-oleander/,2026-02-20T21:14:09+00:00,https://www.littleflowercottage.com/post-sitemap.xml
https://www.littleflowercottage.com/plants-not-to-plant-with-agapanthus/,2026-02-20T21:14:28+00:00,https://www.littleflowercottage.com/post-sitemap.xml
https://www.littleflowercottage.com/5-plants-not-to-plant-with-marigolds/,2026-02-21T13:35:49+00:00,https://www.littleflowercottage.com/post-sitemap.xml
https://www.littleflowercottage.com/11-plants-not-to-plant-with-verbena-and-why/,2026-02-21T13:36:52+00:00,https://www.littleflowercottage.com/post-sitemap.xml
https://www.littleflowercottage.com/plants-not-to-plant-with-hydrangeas/,2026-02-21T13:37:47+00:00,https://www.littleflowercottage.com/post-sitemap.xml
https://www.littleflowercottage.com/10-plants-not-to-plant-with-dianthus/,2026-02-21T13:40:12+00:00,https://www.littleflowercottage.com/post-sitemap.xml
https://www.littleflowercottage.com/plants-not-to-plant-with-foxglove/,2026-02-21T13:42:19+00:00,https://www.littleflowercottage.com/post-sitemap.xml
https://www.littleflowercottage.com/plants-not-to-plant-with-delphiniums/,2026-02-21T18:07:20+00:00,https://www.littleflowercottage.com/post-sitemap.xml
https://www.littleflowercottage.com/plants-not-to-plant-with-amaranth/,2026-02-21T18:18:20+00:00,https://www.littleflowercottage.com/post-sitemap.xml
https://www.littleflowercottage.com/plants-not-to-plant-with-cornflower/,2026-02-21T20:21:55+00:00,https://www.littleflowercottage.com/post-sitemap.xml
https://www.littleflowercottage.com/13-plants-not-to-plant-with-anemone/,2026-02-21T20:27:02+00:00,https://www.littleflowercottage.com/post-sitemap.xml
https://www.littleflowercottage.com/plants-not-to-plant-with-ranunculus-and-why/,2026-02-21T20:28:16+00:00,https://www.littleflowercottage.com/post-sitemap.xml
https://www.littleflowercottage.com/plants-not-to-plant-with-alstroemeria/,2026-02-21T20:29:17+00:00,https://www.littleflowercottage.com/post-sitemap.xml
https://www.littleflowercottage.com/plants-not-to-plant-with-alliums-and-why/,2026-02-21T20:31:34+00:00,https://www.littleflowercottage.com/post-sitemap.xml
https://www.littleflowercottage.com/plants-not-to-plant-with-pansies/,2026-02-21T20:37:02+00:00,https://www.littleflowercottage.com/post-sitemap.xml
https://www.littleflowercottage.com/plants-you-should-never-plant-with-daisies/,2026-02-21T22:11:55+00:00,https://www.littleflowercottage.com/post-sitemap.xml
https://www.littleflowercottage.com/what-not-to-plant-with-honeysuckle/,2026-02-21T22:13:49+00:00,https://www.littleflowercottage.com/post-sitemap.xml
https://www.littleflowercottage.com/plants-not-to-plant-with-lilies/,2026-02-21T22:15:58+00:00,https://www.littleflowercottage.com/post-sitemap.xml
https://www.littleflowercottage.com/plants-you-should-never-plant-with-lilacs/,2026-02-21T22:22:50+00:00,https://www.littleflowercottage.com/post-sitemap.xml
https://www.littleflowercottage.com/plants-not-to-plant-with-roses/,2026-02-21T22:23:30+00:00,https://www.littleflowercottage.com/post-sitemap.xml
https://www.littleflowercottage.com/plants-you-should-never-plant-with-lavender/,2026-02-21T22:27:18+00:00,https://www.littleflowercottage.com/post-sitemap.xml
https://www.littleflowercottage.com/plants-not-to-plant-with-tulips/,2026-02-21T22:28:17+00:00,https://www.littleflowercottage.com/post-sitemap.xml
https://www.littleflowercottage.com/plants-not-to-plant-with-impatiens/,2026-02-22T10:46:54+00:00,https://www.littleflowercottage.com/post-sitemap.xml
https://www.littleflowercottage.com/plants-not-to-plant-with-aster/,2026-02-22T10:48:28+00:00,https://www.littleflowercottage.com/post-sitemap.xml
https://www.littleflowercottage.com/plants-you-should-not-plant-with-daffodils/,2026-02-22T10:50:33+00:00,https://www.littleflowercottage.com/post-sitemap.xml
https://www.littleflowercottage.com/plants-not-to-plant-with-petunias/,2026-02-22T10:53:14+00:00,https://www.littleflowercottage.com/post-sitemap.xml
https://www.littleflowercottage.com/plants-not-to-plant-with-chrysanthemums/,2026-02-22T10:54:59+00:00,https://www.littleflowercottage.com/post-sitemap.xml
https://www.littleflowercottage.com/plants-not-to-plant-with-campanula/,2026-02-22T10:55:54+00:00,https://www.littleflowercottage.com/post-sitemap.xml
https://www.littleflowercottage.com/plants-not-to-plant-with-gypsophila-babys-breath/,2026-02-22T10:57:34+00:00,https://www.littleflowercottage.com/post-sitemap.xml
https://www.littleflowercottage.com/plants-you-should-never-plant-with-gardenia/,2026-02-22T10:58:25+00:00,https://www.littleflowercottage.com/post-sitemap.xml
https://www.littleflowercottage.com/plants-not-to-plant-with-scabiosa-pincushion-flower/,2026-02-22T11:01:29+00:00,https://www.littleflowercottage.com/post-sitemap.xml
https://www.littleflowercottage.com/plants-not-to-plant-with-eryngium-sea-holly/,2026-02-22T11:02:26+00:00,https://www.littleflowercottage.com/post-sitemap.xml
https://www.littleflowercottage.com/plants-not-to-plant-with-lisianthus/,2026-02-22T11:03:48+00:00,https://www.littleflowercottage.com/post-sitemap.xml
https://www.littleflowercottage.com/plants-not-to-plant-with-dusty-miller/,2026-02-22T11:05:47+00:00,https://www.littleflowercottage.com/post-sitemap.xml
https://www.littleflowercottage.com/plants-not-to-plant-with-freesia/,2026-02-22T11:07:46+00:00,https://www.littleflowercottage.com/post-sitemap.xml
https://www.littleflowercottage.com/plants-not-to-plant-with-celosia/,2026-02-22T11:08:31+00:00,https://www.littleflowercottage.com/post-sitemap.xml
https://www.littleflowercottage.com/plants-you-should-never-plant-with-hypericum/,2026-02-22T11:09:25+00:00,https://www.littleflowercottage.com/post-sitemap.xml
https://www.littleflowercottage.com/plants-not-to-plant-with-brunia-and-why/,2026-02-22T11:10:52+00:00,https://www.littleflowercottage.com/post-sitemap.xml
https://www.littleflowercottage.com/plants-you-should-not-plant-with-liatris/,2026-02-22T11:11:50+00:00,https://www.littleflowercottage.com/post-sitemap.xml
https://www.littleflowercottage.com/plants-not-to-plant-with-crocus/,2026-02-22T11:12:40+00:00,https://www.littleflowercottage.com/post-sitemap.xml
https://www.littleflowercottage.com/plants-you-should-never-plant-with-your-buddleia/,2026-02-22T11:13:56+00:00,https://www.littleflowercottage.com/post-sitemap.xml
https://www.littleflowercottage.com/plants-you-should-never-plant-with-larkspur/,2026-02-22T11:15:29+00:00,https://www.littleflowercottage.com/post-sitemap.xml
https://www.littleflowercottage.com/plants-you-should-never-plant-with-coreopsis-tickseed/,2026-02-22T11:17:49+00:00,https://www.littleflowercottage.com/post-sitemap.xml
https://www.littleflowercottage.com/plants-not-to-plant-with-sedum/,2026-02-22T11:20:28+00:00,https://www.littleflowercottage.com/post-sitemap.xml
https://www.littleflowercottage.com/plants-not-to-plant-with-violets/,2026-02-22T11:28:14+00:00,https://www.littleflowercottage.com/post-sitemap.xml
https://www.littleflowercottage.com/plants-you-should-never-plant-with-wisteria/,2026-02-22T11:29:52+00:00,https://www.littleflowercottage.com/post-sitemap.xml
https://www.littleflowercottage.com/plants-not-to-plant-with-black-eyed-susan-rudbeckia/,2026-02-22T11:32:50+00:00,https://www.littleflowercottage.com/post-sitemap.xml
https://www.littleflowercottage.com/plants-not-to-plant-with-carnations/,2026-02-22T11:37:04+00:00,https://www.littleflowercottage.com/post-sitemap.xml
https://www.littleflowercottage.com/plants-you-should-never-plant-with-begonias/,2026-02-22T11:37:48+00:00,https://www.littleflowercottage.com/post-sitemap.xml
https://www.littleflowercottage.com/plants-you-should-never-plant-with-lobelia/,2026-02-22T11:38:39+00:00,https://www.littleflowercottage.com/post-sitemap.xml
https://www.littleflowercottage.com/plants-not-to-plant-with-morning-glory/,2026-02-22T11:39:36+00:00,https://www.littleflowercottage.com/post-sitemap.xml
https://www.littleflowercottage.com/plants-not-to-plant-with-columbine/,2026-02-22T11:40:20+00:00,https://www.littleflowercottage.com/post-sitemap.xml
https://www.littleflowercottage.com/plants-not-to-plant-with-astilbe/,2026-02-22T11:41:00+00:00,https://www.littleflowercottage.com/post-sitemap.xml
https://www.littleflowercottage.com/plants-not-to-plant-with-camellia/,2026-02-22T11:41:40+00:00,https://www.littleflowercottage.com/post-sitemap.xml
https://www.littleflowercottage.com/plants-not-to-plant-with-periwinkles/,2026-02-22T11:42:42+00:00,https://www.littleflowercottage.com/post-sitemap.xml
https://www.littleflowercottage.com/plants-not-to-plant-with-rhododendrons/,2026-02-22T11:43:40+00:00,https://www.littleflowercottage.com/post-sitemap.xml
https://www.littleflowercottage.com/plants-not-to-plant-with-clematis/,2026-02-22T11:45:37+00:00,https://www.littleflowercottage.com/post-sitemap.xml
https://www.littleflowercottage.com/plants-you-should-never-plant-with-stock/,2026-02-22T12:35:40+00:00,https://www.littleflowercottage.com/post-sitemap.xml
https://www.littleflowercottage.com/plants-not-to-plant-with-borage/,2026-02-22T12:36:28+00:00,https://www.littleflowercottage.com/post-sitemap.xml
https://www.littleflowercottage.com/top-10-easiest-houseplants-for-beginners/,2026-02-22T14:15:57+00:00,https://www.littleflowercottage.com/post-sitemap.xml
https://www.littleflowercottage.com/10-houseplants-even-beginners-cant-kill/,2026-02-22T14:17:45+00:00,https://www.littleflowercottage.com/post-sitemap.xml
https://www.littleflowercottage.com/30-best-houseplants-for-your-mental-health/,2026-02-22T14:18:25+00:00,https://www.littleflowercottage.com/post-sitemap.xml
https://www.littleflowercottage.com/15-best-indoor-plants-for-bedrooms/,2026-02-22T14:40:19+00:00,https://www.littleflowercottage.com/post-sitemap.xml
https://www.littleflowercottage.com/15-best-plants-for-bathrooms-with-windows/,2026-02-22T14:41:02+00:00,https://www.littleflowercottage.com/post-sitemap.xml
https://www.littleflowercottage.com/best-plants-for-a-bathroom-without-windows/,2026-02-22T14:41:46+00:00,https://www.littleflowercottage.com/post-sitemap.xml
https://www.littleflowercottage.com/20-low-maintenance-houseplants-for-any-home/,2026-02-22T14:42:34+00:00,https://www.littleflowercottage.com/post-sitemap.xml
https://www.littleflowercottage.com/the-ultimate-beginners-houseplant-care-guide/,2026-02-22T14:53:31+00:00,https://www.littleflowercottage.com/post-sitemap.xml
https://www.littleflowercottage.com/growing-and-caring-for-tulips/,2026-02-22T15:07:06+00:00,https://www.littleflowercottage.com/post-sitemap.xml
https://www.littleflowercottage.com/creative-uses-for-lavender-in-your-garden/,2026-02-22T15:09:05+00:00,https://www.littleflowercottage.com/post-sitemap.xml
https://www.littleflowercottage.com/easiest-flowers-for-beginners-to-grow/,2026-02-23T22:06:54+00:00,https://www.littleflowercottage.com/post-sitemap.xml
https://www.littleflowercottage.com/11-plants-not-to-plant-with-sunflowers-and-what-is-better/,2026-02-24T21:20:10+00:00,https://www.littleflowercottage.com/post-sitemap.xml
https://www.littleflowercottage.com/how-to-grow-giant-sunflowers/,2026-02-24T21:25:54+00:00,https://www.littleflowercottage.com/post-sitemap.xml
https://www.littleflowercottage.com/understanding-plant-light-what-bright-indirect-means/,2026-03-01T21:33:54+00:00,https://www.littleflowercottage.com/post-sitemap.xml
https://www.littleflowercottage.com/why-is-my-plant-dying/,2026-03-02T17:49:44+00:00,https://www.littleflowercottage.com/post-sitemap.xml
https://www.littleflowercottage.com/how-to-water-houseplants/,2026-03-02T21:08:57+00:00,https://www.littleflowercottage.com/post-sitemap.xml
https://www.littleflowercottage.com/how-to-plan-a-flower-bed-from-scratch/,2026-03-02T21:09:56+00:00,https://www.littleflowercottage.com/post-sitemap.xml
https://www.littleflowercottage.com/best-cottage-garden-flowers/,2026-03-02T21:11:08+00:00,https://www.littleflowercottage.com/post-sitemap.xml
https://www.littleflowercottage.com/what-to-plant-in-fall/,2026-03-02T21:11:48+00:00,https://www.littleflowercottage.com/post-sitemap.xml
https://www.littleflowercottage.com/spring-gardening-checklist/,2026-03-02T21:14:10+00:00,https://www.littleflowercottage.com/post-sitemap.xml
https://www.littleflowercottage.com/how-to-grow-hanging-orchids/,2026-03-04T09:59:01+00:00,https://www.littleflowercottage.com/post-sitemap.xml
https://www.littleflowercottage.com/10-tips-to-care-for-your-orchids-the-right-way/,2026-03-04T10:51:22+00:00,https://www.littleflowercottage.com/post-sitemap.xml
https://www.littleflowercottage.com/the-best-time-to-prune-lavender/,2026-03-04T10:52:11+00:00,https://www.littleflowercottage.com/post-sitemap.xml
https://www.littleflowercottage.com/easy-steps-to-prune-lavender/,2026-03-04T10:55:10+00:00,https://www.littleflowercottage.com/post-sitemap.xml
https://www.littleflowercottage.com/easy-steps-to-grow-lavender/,2026-03-04T10:55:38+00:00,https://www.littleflowercottage.com/post-sitemap.xml
https://www.littleflowercottage.com/lavender-care/,2026-03-04T11:01:33+00:00,https://www.littleflowercottage.com/post-sitemap.xml
https://www.littleflowercottage.com/how-to-grow-lavender-from-seed/,2026-03-04T11:02:02+00:00,https://www.littleflowercottage.com/post-sitemap.xml
https://www.littleflowercottage.com/how-to-plant-a-lavender-hedge/,2026-03-04T11:02:53+00:00,https://www.littleflowercottage.com/post-sitemap.xml
https://www.littleflowercottage.com/how-to-propagate-orchids-correctly/,2026-03-04T11:22:24+00:00,https://www.littleflowercottage.com/post-sitemap.xml
https://www.littleflowercottage.com/how-to-grow-sunflowers/,2026-03-04T11:23:09+00:00,https://www.littleflowercottage.com/post-sitemap.xml
https://www.littleflowercottage.com/how-to-repot-an-orchid/,2026-03-04T11:33:59+00:00,https://www.littleflowercottage.com/post-sitemap.xml
https://www.littleflowercottage.com/how-to-clean-monstera-leaves-a-simple-to-follow-guide/,2026-03-04T11:37:08+00:00,https://www.littleflowercottage.com/post-sitemap.xml
https://www.littleflowercottage.com/monstera-fertilizer-guide/,2026-03-17T21:12:41+00:00,https://www.littleflowercottage.com/post-sitemap.xml
https://www.littleflowercottage.com/easy-tricks-to-make-your-pothos-climb/,2026-03-19T09:58:49+00:00,https://www.littleflowercottage.com/post-sitemap.xml
https://www.littleflowercottage.com/rescue-your-monstera-from-root-rot-in-7-steps/,2026-03-20T18:34:28+00:00,https://www.littleflowercottage.com/post-sitemap.xml
https://www.littleflowercottage.com/how-to-grow-a-bigger-monstera-fast/,2026-03-25T16:56:38+00:00,https://www.littleflowercottage.com/post-sitemap.xml
https://www.littleflowercottage.com/how-to-prune-a-pothos-a-step-by-step-guide/,2026-03-30T14:31:43+00:00,https://www.littleflowercottage.com/post-sitemap.xml
https://www.littleflowercottage.com/how-to-prune-a-monstera-a-step-by-step-guide/,2026-03-30T14:32:54+00:00,https://www.littleflowercottage.com/post-sitemap.xml
https://www.littleflowercottage.com/how-to-propagate-a-monstera-plant/,2026-03-31T15:26:15+00:00,https://www.littleflowercottage.com/post-sitemap.xml
https://www.littleflowercottage.com/8-reasons-your-peace-lily-isnt-growing/,2026-04-03T10:03:05+00:00,https://www.littleflowercottage.com/post-sitemap.xml
https://www.littleflowercottage.com/why-your-monstera-growing-sideways/,2026-04-08T13:17:23+00:00,https://www.littleflowercottage.com/post-sitemap.xml
https://www.littleflowercottage.com/how-to-repot-a-monstera/,2026-04-10T15:02:21+00:00,https://www.littleflowercottage.com/post-sitemap.xml
https://www.littleflowercottage.com/7-reasons-your-peace-lily-is-leaning/,2026-04-11T19:03:09+00:00,https://www.littleflowercottage.com/post-sitemap.xml
https://www.littleflowercottage.com/7-signs-your-peace-lily-needs-repotting/,2026-04-20T20:59:24+00:00,https://www.littleflowercottage.com/post-sitemap.xml
https://www.littleflowercottage.com/how-to-tell-a-new-orchid-root-from-a-new-spike/,2026-04-24T14:26:18+00:00,https://www.littleflowercottage.com/post-sitemap.xml
https://www.littleflowercottage.com/plants-not-to-plant-with-daylilies/,2026-04-25T20:16:44+00:00,https://www.littleflowercottage.com/post-sitemap.xml
https://www.littleflowercottage.com/what-not-to-plant-with-nasturtiums-13-plants-to-avoid/,2026-04-25T20:30:51+00:00,https://www.littleflowercottage.com/post-sitemap.xml
https://www.littleflowercottage.com/plants-not-to-plant-with-azaleas/,2026-04-25T20:33:12+00:00,https://www.littleflowercottage.com/post-sitemap.xml
https://www.littleflowercottage.com/plants-not-to-plant-with-dahlias/,2026-04-25T20:34:58+00:00,https://www.littleflowercottage.com/post-sitemap.xml
https://www.littleflowercottage.com/plants-not-to-plant-with-cosmos/,2026-04-25T20:35:27+00:00,https://www.littleflowercottage.com/post-sitemap.xml
https://www.littleflowercottage.com/13-plants-you-should-never-plant-with-snapdragons-and-what-to-plant-instead/,2026-04-25T20:36:02+00:00,https://www.littleflowercottage.com/post-sitemap.xml
https://www.littleflowercottage.com/plants-not-to-plant-with-alyssum/,2026-04-25T20:37:04+00:00,https://www.littleflowercottage.com/post-sitemap.xml
https://www.littleflowercottage.com/plants-not-to-plant-with-gladiolus/,2026-04-25T20:37:46+00:00,https://www.littleflowercottage.com/post-sitemap.xml
https://www.littleflowercottage.com/13-plants-you-should-never-plant-with-irises-and-what-to-grow-instead/,2026-04-25T20:38:25+00:00,https://www.littleflowercottage.com/post-sitemap.xml
https://www.littleflowercottage.com/plants-you-should-never-plant-with-hostas/,2026-04-25T20:39:02+00:00,https://www.littleflowercottage.com/post-sitemap.xml
https://www.littleflowercottage.com/plants-not-to-plant-with-yarrow/,2026-04-25T20:39:39+00:00,https://www.littleflowercottage.com/post-sitemap.xml
https://www.littleflowercottage.com/plants-you-should-never-plant-with-poppies/,2026-04-25T20:40:07+00:00,https://www.littleflowercottage.com/post-sitemap.xml
https://www.littleflowercottage.com/plants-not-to-plant-with-hibiscus/,2026-04-25T20:42:35+00:00,https://www.littleflowercottage.com/post-sitemap.xml
https://www.littleflowercottage.com/plants-you-should-never-plant-with-marigolds/,2026-04-25T20:43:21+00:00,https://www.littleflowercottage.com/post-sitemap.xml
https://www.littleflowercottage.com/plants-not-to-plant-with-catmint/,2026-04-25T20:44:49+00:00,https://www.littleflowercottage.com/post-sitemap.xml
https://www.littleflowercottage.com/best-soil-for-peace-lilies-what-they-need-and-why/,2026-04-26T16:36:51+00:00,https://www.littleflowercottage.com/post-sitemap.xml
https://www.littleflowercottage.com/9-signs-your-peace-lily-is-dying-and-how-to-save-it/,2026-04-26T21:32:42+00:00,https://www.littleflowercottage.com/post-sitemap.xml
https://www.littleflowercottage.com/how-to-propagate-orchids-a-simple-step-by-step-guide/,2026-04-27T16:26:04+00:00,https://www.littleflowercottage.com/post-sitemap.xml
https://www.littleflowercottage.com/13-plants-you-should-never-plant-with-phlox/,2026-04-27T17:06:18+00:00,https://www.littleflowercottage.com/post-sitemap.xml
https://www.littleflowercottage.com/plants-not-to-plant-with-coneflowers/,2026-04-27T17:10:27+00:00,https://www.littleflowercottage.com/post-sitemap.xml
https://www.littleflowercottage.com/plants-you-should-never-plant-with-geraniums/,2026-04-27T17:12:53+00:00,https://www.littleflowercottage.com/post-sitemap.xml
https://www.littleflowercottage.com/plants-not-to-plant-with-hollyhock/,2026-04-27T18:47:52+00:00,https://www.littleflowercottage.com/post-sitemap.xml
https://www.littleflowercottage.com/growing-dahlias-a-beginners-complete-guide/,2026-04-27T18:51:05+00:00,https://www.littleflowercottage.com/post-sitemap.xml
https://www.littleflowercottage.com/plants-you-should-never-plant-with-peonies/,2026-04-27T18:57:22+00:00,https://www.littleflowercottage.com/post-sitemap.xml
https://www.littleflowercottage.com/6-plants-not-to-plant-with-zinnias/,2026-04-27T19:01:13+00:00,https://www.littleflowercottage.com/post-sitemap.xml
https://www.littleflowercottage.com/12-plants-not-to-grow-with-salvia/,2026-04-27T19:03:43+00:00,https://www.littleflowercottage.com/post-sitemap.xml
https://www.littleflowercottage.com/how-to-make-a-zz-plant-bushier/,2026-05-01T12:38:28+00:00,https://www.littleflowercottage.com/post-sitemap.xml
https://www.littleflowercottage.com/tips-to-make-your-peace-lily-grow-faster/,2026-05-02T17:36:20+00:00,https://www.littleflowercottage.com/post-sitemap.xml
https://www.littleflowercottage.com/15-reasons-your-orchid-leaves-are-drooping-with-fixes/,2026-05-07T09:13:38+00:00,https://www.littleflowercottage.com/post-sitemap.xml
https://www.littleflowercottage.com/reasons-your-orchid-is-wilting/,2026-05-07T09:15:34+00:00,https://www.littleflowercottage.com/post-sitemap.xml
https://www.littleflowercottage.com/9-reasons-your-snake-plant-is-drooping-and-how-to-fix-it/,2026-05-07T09:19:52+00:00,https://www.littleflowercottage.com/post-sitemap.xml
https://www.littleflowercottage.com/8-reasons-why-your-orchid-wont-bloom/,2026-05-07T09:21:01+00:00,https://www.littleflowercottage.com/post-sitemap.xml
https://www.littleflowercottage.com/3-main-reasons-your-spider-plant-isnt-growing-and-the-fixes/,2026-05-07T09:22:18+00:00,https://www.littleflowercottage.com/post-sitemap.xml
https://www.littleflowercottage.com/14-reasons-why-your-monstera-plant-isnt-growing/,2026-05-07T09:24:39+00:00,https://www.littleflowercottage.com/post-sitemap.xml
https://www.littleflowercottage.com/12-reasons-your-orchid-leaves-are-turning-yellow-and-how-to-fix-them/,2026-05-07T09:30:14+00:00,https://www.littleflowercottage.com/post-sitemap.xml
https://www.littleflowercottage.com/12-reasons-your-orchid-stem-is-turning-yellow/,2026-05-07T09:31:03+00:00,https://www.littleflowercottage.com/post-sitemap.xml
https://www.littleflowercottage.com/25-reasons-your-orchid-leaves-are-splitting/,2026-05-07T09:33:10+00:00,https://www.littleflowercottage.com/post-sitemap.xml
https://www.littleflowercottage.com/7-reasons-your-monstera-is-drooping/,2026-05-07T09:43:25+00:00,https://www.littleflowercottage.com/post-sitemap.xml
https://www.littleflowercottage.com/12-reasons-your-monstera-plant-has-brown-spots/,2026-05-07T09:45:42+00:00,https://www.littleflowercottage.com/post-sitemap.xml
https://www.littleflowercottage.com/7-reasons-why-your-peace-lily-is-not-flowering/,2026-05-07T09:47:03+00:00,https://www.littleflowercottage.com/post-sitemap.xml
https://www.littleflowercottage.com/9-reasons-your-spider-plant-isnt-producing-babies-and-what-to-do/,2026-05-07T09:48:02+00:00,https://www.littleflowercottage.com/post-sitemap.xml
https://www.littleflowercottage.com/8-reasons-your-peace-lily-is-drooping-and-how-to-revive-it/,2026-05-07T09:49:15+00:00,https://www.littleflowercottage.com/post-sitemap.xml
https://www.littleflowercottage.com/19-reasons-your-peace-lily-flower-turned-green-with-fixes/,2026-05-07T09:50:23+00:00,https://www.littleflowercottage.com/post-sitemap.xml
https://www.littleflowercottage.com/12-reasons-your-pothos-plant-leaves-are-turning-yellow-and-how-to-fix-it/,2026-05-11T09:21:53+00:00,https://www.littleflowercottage.com/post-sitemap.xml
https://www.littleflowercottage.com/how-to-get-big-holes-in-your-monstera-leaves/,2026-05-25T18:40:57+00:00,https://www.littleflowercottage.com/post-sitemap.xml
https://www.littleflowercottage.com/how-to-propagate-zinnias-an-easy-step-by-step-guide/,2026-05-29T20:57:58+00:00,https://www.littleflowercottage.com/post-sitemap.xml
https://www.littleflowercottage.com/reasons-your-orchid-buds-are-falling-off-before-they-bloom/,2026-06-02T11:21:08+00:00,https://www.littleflowercottage.com/post-sitemap.xml
https://www.littleflowercottage.com/reasons-your-spider-plant-is-drooping-and-how-to-fix-it/,2026-06-06T12:52:21+00:00,https://www.littleflowercottage.com/post-sitemap.xml
https://www.littleflowercottage.com/reasons-your-spider-plant-leaves-are-curling/,2026-06-07T10:50:15+00:00,https://www.littleflowercottage.com/post-sitemap.xml
https://www.littleflowercottage.com/monstera-aerial-roots-cut-or-keep/,2026-06-08T08:18:11+00:00,https://www.littleflowercottage.com/post-sitemap.xml
https://www.littleflowercottage.com/reasons-your-orchid-leaves-are-wrinkled-with-fixes/,2026-06-09T19:46:10+00:00,https://www.littleflowercottage.com/post-sitemap.xml
https://www.littleflowercottage.com/best-fertilizer-for-orchids-what-to-use-and-when/,2026-06-09T19:51:51+00:00,https://www.littleflowercottage.com/post-sitemap.xml
https://www.littleflowercottage.com/signs-your-orchid-needs-repotting-and-what-to-do/,2026-06-11T08:41:11+00:00,https://www.littleflowercottage.com/post-sitemap.xml
https://www.littleflowercottage.com/how-to-get-long-trailing-spider-plant-babies/,2026-06-14T13:31:46+00:00,https://www.littleflowercottage.com/post-sitemap.xml
https://www.littleflowercottage.com/how-to-make-a-snake-plant-bushy-and-fuller/,2026-07-08T21:07:41+00:00,https://www.littleflowercottage.com/post-sitemap.xml
https://www.littleflowercottage.com/how-to-make-a-snake-plant-bloom/,2026-07-09T13:35:46+00:00,https://www.littleflowercottage.com/post-sitemap.xml
https://www.littleflowercottage.com/how-to-grow-pothos-bushy-and-long/,2026-07-11T13:38:56+00:00,https://www.littleflowercottage.com/post-sitemap.xml
https://www.littleflowercottage.com/tips-to-make-your-spider-plant-grow-faster/,2026-07-13T13:55:31+00:00,https://www.littleflowercottage.com/post-sitemap.xml
https://www.littleflowercottage.com/how-to-make-your-spider-plant-bushy/,2026-07-14T15:27:46+00:00,https://www.littleflowercottage.com/post-sitemap.xml
https://www.littleflowercottage.com/7-reasons-your-snake-plant-is-falling-over/,2026-07-14T15:29:27+00:00,https://www.littleflowercottage.com/post-sitemap.xml
https://www.littleflowercottage.com/7-ways-to-make-an-orchid-grow-a-new-spike/,2026-07-14T15:30:31+00:00,https://www.littleflowercottage.com/post-sitemap.xml
https://www.littleflowercottage.com/9-reasons-your-spider-plant-has-brown-tips-and-how-to-fix-them/,2026-07-14T15:31:25+00:00,https://www.littleflowercottage.com/post-sitemap.xml
https://www.littleflowercottage.com/how-to-prune-a-peace-lily-a-step-by-step-guide/,2026-07-14T15:32:13+00:00,https://www.littleflowercottage.com/post-sitemap.xml
https://www.littleflowercottage.com/how-to-prune-an-orchid/,2026-07-14T15:32:52+00:00,https://www.littleflowercottage.com/post-sitemap.xml
https://www.littleflowercottage.com/10-reasons-your-peace-lily-leaves-are-turning-black-with-fixes/,2026-07-14T15:33:43+00:00,https://www.littleflowercottage.com/post-sitemap.xml
https://www.littleflowercottage.com/9-practical-tips-to-save-a-dying-orchid/,2026-07-14T15:34:25+00:00,https://www.littleflowercottage.com/post-sitemap.xml
https://www.littleflowercottage.com/how-to-save-a-dying-peace-lily/,2026-07-14T15:35:12+00:00,https://www.littleflowercottage.com/post-sitemap.xml
https://www.littleflowercottage.com/reasons-your-fiddle-leaf-fig-isnt-growing/,2026-07-23T16:20:55+00:00,https://www.littleflowercottage.com/post-sitemap.xml
https://www.littleflowercottage.com/reasons-fiddle-leaf-fig-leaves-turn-yellow/,2026-07-24T19:02:03+00:00,https://www.littleflowercottage.com/post-sitemap.xml
https://www.littleflowercottage.com/best-orchids-for-beginners/,2026-08-13T13:57:04+00:00,https://www.littleflowercottage.com/post-sitemap.xml
https://www.littleflowercottage.com/how-to-prune-a-spider-plant/,2026-08-28T12:45:10+00:00,https://www.littleflowercottage.com/post-sitemap.xml
https://www.littleflowercottage.com/how-to-prune-a-snake-plant/,2026-08-28T15:54:57+00:00,https://www.littleflowercottage.com/post-sitemap.xml
https://www.littleflowercottage.com/reasons-your-christmas-cactus-wont-bloom-and-how-to-fix-it/,2026-08-30T12:59:23+00:00,https://www.littleflowercottage.com/post-sitemap.xml
https://www.littleflowercottage.com/christmas-cactus-care-guide/,2026-08-30T13:04:29+00:00,https://www.littleflowercottage.com/post-sitemap.xml
https://www.littleflowercottage.com/reasons-your-christmas-cactus-is-limp-or-wilting/,2026-09-04T20:49:08+00:00,https://www.littleflowercottage.com/post-sitemap.xml
https://www.littleflowercottage.com/how-to-propagate-a-christmas-cactus/,2026-09-04T20:51:09+00:00,https://www.littleflowercottage.com/post-sitemap.xml
https://www.littleflowercottage.com/how-to-get-a-christmas-cactus-to-bloom-for-the-holidays/,2026-09-05T20:50:26+00:00,https://www.littleflowercottage.com/post-sitemap.xml
https://www.littleflowercottage.com/how-to-revive-a-christmas-cactus/,2026-09-06T16:21:55+00:00,https://www.littleflowercottage.com/post-sitemap.xml
https://www.littleflowercottage.com/how-to-repot-a-christmas-cactus/,2026-09-07T19:44:19+00:00,https://www.littleflowercottage.com/post-sitemap.xml
https://www.littleflowercottage.com/reasons-your-christmas-cactus-has-yellow-leaves/,2026-09-08T15:21:52+00:00,https://www.littleflowercottage.com/post-sitemap.xml
https://www.littleflowercottage.com/how-to-grow-a-spider-plant-in-water/,2026-09-09T09:48:03+00:00,https://www.littleflowercottage.com/post-sitemap.xml
https://www.littleflowercottage.com/,2026-04-26T19:30:53+00:00,https://www.littleflowercottage.com/page-sitemap.xml
https://www.littleflowercottage.com/about2/,2023-08-17T19:16:03+00:00,https://www.littleflowercottage.com/page-sitemap.xml
https://www.littleflowercottage.com/plant-compatibility-checker-tool/,2025-04-25T18:49:38+00:00,https://www.littleflowercottage.com/page-sitemap.xml
https://www.littleflowercottage.com/about/,2025-05-10T10:58:13+00:00,https://www.littleflowercottage.com/page-sitemap.xml
https://www.littleflowercottage.com/new-test/,2025-05-30T14:20:35+00:00,https://www.littleflowercottage.com/page-sitemap.xml
https://www.littleflowercottage.com/home/,2025-11-07T09:04:33+00:00,https://www.littleflowercottage.com/page-sitemap.xml
https://www.littleflowercottage.com/home-2/,2025-11-07T09:04:40+00:00,https://www.littleflowercottage.com/page-sitemap.xml
https://www.littleflowercottage.com/contact/,2026-02-21T21:00:17+00:00,https://www.littleflowercottage.com/page-sitemap.xml
https://www.littleflowercottage.com/another-test/,2026-02-23T17:42:03+00:00,https://www.littleflowercottage.com/page-sitemap.xml
https://www.littleflowercottage.com/garden-zone-finder-tool/,2026-02-23T20:57:03+00:00,https://www.littleflowercottage.com/page-sitemap.xml
https://www.littleflowercottage.com/privacy-policy/,2026-04-13T13:16:00+00:00,https://www.littleflowercottage.com/page-sitemap.xml
https://www.littleflowercottage.com/start-here/,2026-04-26T19:29:48+00:00,https://www.littleflowercottage.com/page-sitemap.xml
https://www.littleflowercottage.com/plant-symptom-checker/,2026-05-07T09:54:25+00:00,https://www.littleflowercottage.com/page-sitemap.xml
https://www.littleflowercottage.com/plant-library/,2026-03-01T21:24:14+00:00,https://www.littleflowercottage.com/plant_library-sitemap.xml
https://www.littleflowercottage.com/plant-library/monstera/,2026-03-01T21:24:14+00:00,https://www.littleflowercottage.com/plant_library-sitemap.xml
https://www.littleflowercottage.com/category/houseplants/christmas-cactus/,2026-09-08T15:21:52+00:00,https://www.littleflowercottage.com/category-sitemap.xml
https://www.littleflowercottage.com/category/companion-planting/,2026-04-27T19:03:43+00:00,https://www.littleflowercottage.com/category-sitemap.xml
https://www.littleflowercottage.com/category/houseplants/fiddle-leaf-fig/,2026-07-24T19:02:03+00:00,https://www.littleflowercottage.com/category-sitemap.xml
https://www.littleflowercottage.com/category/flowers/,2026-05-07T09:15:34+00:00,https://www.littleflowercottage.com/category-sitemap.xml
https://www.littleflowercottage.com/category/growing/,2026-05-07T09:50:23+00:00,https://www.littleflowercottage.com/category-sitemap.xml
https://www.littleflowercottage.com/category/herbs/,2026-03-04T11:02:02+00:00,https://www.littleflowercottage.com/category-sitemap.xml
https://www.littleflowercottage.com/category/houseplants/,2026-03-02T21:08:57+00:00,https://www.littleflowercottage.com/category-sitemap.xml
https://www.littleflowercottage.com/category/flowers/ideas/,2026-02-23T22:06:54+00:00,https://www.littleflowercottage.com/category-sitemap.xml
https://www.littleflowercottage.com/category/flowers/lavender/,2026-03-04T11:02:53+00:00,https://www.littleflowercottage.com/category-sitemap.xml
https://www.littleflowercottage.com/category/houseplants/monstera/,2026-06-08T08:18:11+00:00,https://www.littleflowercottage.com/category-sitemap.xml
https://www.littleflowercottage.com/category/houseplants/orchids/,2026-08-13T13:57:04+00:00,https://www.littleflowercottage.com/category-sitemap.xml
https://www.littleflowercottage.com/category/houseplants/peace-lily/,2026-07-14T15:35:12+00:00,https://www.littleflowercottage.com/category-sitemap.xml
https://www.littleflowercottage.com/category/houseplants/pothos/,2026-07-11T13:38:56+00:00,https://www.littleflowercottage.com/category-sitemap.xml
https://www.littleflowercottage.com/category/propagation/,2026-05-29T20:57:58+00:00,https://www.littleflowercottage.com/category-sitemap.xml
https://www.littleflowercottage.com/category/seasonal-gardening/,2026-03-02T21:14:10+00:00,https://www.littleflowercottage.com/category-sitemap.xml
https://www.littleflowercottage.com/category/houseplants/snake-plant/,2026-08-28T15:54:57+00:00,https://www.littleflowercottage.com/category-sitemap.xml
https://www.littleflowercottage.com/category/houseplants/spider-plant/,2026-09-09T09:48:03+00:00,https://www.littleflowercottage.com/category-sitemap.xml
https://www.littleflowercottage.com/category/flowers/sunflower/,2026-03-04T11:23:09+00:00,https://www.littleflowercottage.com/category-sitemap.xml
https://www.littleflowercottage.com/category/flowers/zinnias/,2026-05-29T20:57:58+00:00,https://www.littleflowercottage.com/category-sitemap.xml
https://www.littleflowercottage.com/category/houseplants/zz-plant/,2026-05-01T12:38:28+00:00,https://www.littleflowercottage.com/category-sitemap.xml
https://www.littleflowercottage.com/tag/growing-lemon-trees/,2025-03-07T14:40:01+00:00,https://www.littleflowercottage.com/post_tag-sitemap.xml
https://www.littleflowercottage.com/tag/lemon-trees/,2025-03-07T14:40:01+00:00,https://www.littleflowercottage.com/post_tag-sitemap.xml
https://www.littleflowercottage.com/author/andyml/,2026-02-25T20:37:23+00:00,https://www.littleflowercottage.com/author-sitemap.xml
https://www.littleflowercottage.com/author/sally_al/,2021-02-26T17:01:37+00:00,https://www.littleflowercottage.com/author-sitemap.xml
https://www.littleflowercottage.com/author/,2026-10-02T21:34:44+00:00,https://www.littleflowercottage.com/author-sitemap.xml
