url,title,type,intent,word_count,ctx_in,total_in,ctx_out,suggested_in,suggested_out,noindex,published
https://www.littleflowercottage.com/what-to-plant-in-fall/,What to Plant in Fall (And Why It’s Worth It),pillar_guide,informational,4577,0,2,3,10,8,False,2022-12-09T19:56:00+00:00
https://www.littleflowercottage.com/spring-gardening-checklist/,Spring Gardening Checklist: What to Do First,pillar_guide,informational,4446,0,2,3,19,8,False,2026-01-02T09:30:08+00:00
https://www.littleflowercottage.com/growing-dahlias-a-beginners-complete-guide/,Growing Dahlias: A Beginner’s Complete Guide,pillar_guide,informational,4420,0,2,4,23,8,False,2022-11-11T11:22:13+00:00
https://www.littleflowercottage.com/tips-to-make-your-spider-plant-grow-faster/,9 Tips to Make Your Spider Plant Grow Faster,pillar_guide,informational,4225,0,2,11,57,8,False,2026-07-13T12:50:23+00:00
https://www.littleflowercottage.com/how-to-make-a-zz-plant-bushier/,How to Make a ZZ Plant Bushier,pillar_guide,informational,3918,0,2,9,40,8,False,2026-05-01T12:38:28+00:00
https://www.littleflowercottage.com/best-houseplants-to-transform-your-home-into-a-jungle/,15 Best Houseplants to Transform Your Home Into a Jungle,comparison_or_review,commercial,2935,0,2,0,20,8,False,2026-02-01T20:27:14+00:00
https://www.littleflowercottage.com/signs-your-orchid-needs-repotting-and-what-to-do/,7 Signs your Orchid Needs Repotting (and What to Do),pillar_guide,informational,2782,0,2,11,30,8,False,2026-06-11T08:41:11+00:00
https://www.littleflowercottage.com/15-best-plants-for-bathrooms-with-windows/,15 Best Plants for Bathrooms With Windows,comparison_or_review,commercial,2474,0,2,2,25,8,False,2025-03-11T14:25:02+00:00
https://www.littleflowercottage.com/11-plants-not-to-plant-with-sunflowers-and-what-is-better/,11+ Plants Not to Plant with Sunflowers (And What is Better),support_article,informational,1911,0,2,0,18,8,False,2025-05-22T16:52:13+00:00
https://www.littleflowercottage.com/10-plants-not-to-plant-with-dianthus/,10 Plants NOT to Plant With Dianthus,support_article,informational,1900,0,2,2,14,8,False,2025-03-14T09:54:12+00:00
https://www.littleflowercottage.com/best-plants-for-the-top-of-a-cabinet/,15 Best Plants for the Top of a Cabinet,comparison_or_review,commercial,1803,0,2,3,20,7,False,2026-01-30T13:27:09+00:00
https://www.littleflowercottage.com/how-to-grow-star-of-the-veldt/,How to Grow Star of the Veldt (Dimorphotheca),support_article,informational,1787,0,2,2,26,8,False,2024-07-25T18:52:56+00:00
https://www.littleflowercottage.com/plants-you-should-never-plant-with-geraniums/,13 Plants You Should NEVER Plant with Geraniums,support_article,informational,1707,0,2,2,31,5,False,2025-03-18T14:24:58+00:00
https://www.littleflowercottage.com/best-plants-for-miniature-gardens/,25+ Best Plants for Miniature Gardens,comparison_or_review,commercial,1657,0,2,0,5,4,False,2024-07-12T19:27:03+00:00
https://www.littleflowercottage.com/plants-not-to-plant-with-lilies/,12 Plants NOT to Plant with Lilies (and Why),support_article,informational,1629,0,2,2,41,7,False,2025-03-21T11:21:08+00:00
https://www.littleflowercottage.com/15-best-indoor-plants-for-bedrooms/,15 Best Indoor Plants for Bedrooms,comparison_or_review,commercial,1601,0,2,2,14,8,False,2025-02-14T14:25:14+00:00
https://www.littleflowercottage.com/top-10-easiest-houseplants-for-beginners/,Top 10 Easiest Houseplants for Beginners,comparison_or_review,commercial,1547,0,2,1,14,8,False,2025-01-26T21:53:02+00:00
https://www.littleflowercottage.com/plants-not-to-plant-with-gypsophila-babys-breath/,13 Plants Not to Plant with Gypsophila (Baby’s Breath),support_article,informational,1490,0,2,2,26,8,False,2025-04-07T08:51:12+00:00
https://www.littleflowercottage.com/plants-you-should-never-plant-with-lobelia/,13 Plants NOT to Plant With Lobelia (And What Works Instead),support_article,informational,1472,0,2,2,24,8,False,2025-03-29T15:24:27+00:00
https://www.littleflowercottage.com/plants-not-to-plant-with-morning-glory/,13 Plants NOT to Plant with Morning Glory,support_article,informational,1457,0,2,2,14,8,False,2025-03-29T15:18:44+00:00
https://www.littleflowercottage.com/7-easy-houseplants-for-beginners-that-wont-die-on-you/,7 Easy Houseplants for Beginners That Won’t Die on You,support_article,informational,1445,0,2,0,13,7,False,2024-09-07T15:05:40+00:00
https://www.littleflowercottage.com/20-low-maintenance-houseplants-for-any-home/,20+ Low Maintenance Houseplants for Any Home,support_article,informational,1396,0,2,2,13,7,False,2025-01-30T20:10:22+00:00
https://www.littleflowercottage.com/lemon-trees-in-pots/,"Lemon Trees in Pots: Can you Grow Them? If so, How?",support_article,informational,1393,0,1,0,0,7,False,2021-02-21T14:55:12+00:00
https://www.littleflowercottage.com/plants-not-to-plant-with-celosia/,10+ Plants NOT to Plant with Celosia,support_article,informational,1364,0,2,2,11,8,False,2025-04-05T14:17:28+00:00
https://www.littleflowercottage.com/plants-you-should-never-plant-with-begonias/,10 Plants You Should Never Plant With Begonias,support_article,informational,1362,0,2,2,39,8,False,2025-03-29T15:29:50+00:00
https://www.littleflowercottage.com/30-best-houseplants-for-your-mental-health/,30 Best Houseplants for your Mental Health,comparison_or_review,commercial,1349,0,2,2,11,8,False,2025-01-29T15:21:31+00:00
https://www.littleflowercottage.com/10-houseplants-even-beginners-cant-kill/,10 Houseplants Even Beginners Can’t Kill,support_article,informational,1309,0,2,2,12,8,False,2025-01-27T14:15:41+00:00
https://www.littleflowercottage.com/how-to-grow-ursinia/,How to Grow Ursinia: A Comprehensive Guide,support_article,informational,1281,0,2,2,19,8,False,2024-07-26T20:27:22+00:00
https://www.littleflowercottage.com/flowers-that-attract-butterflies-to-your-garden/,15 Flowers that Attract Butterflies to your Garden,support_article,informational,1254,0,2,16,9,5,False,2024-06-30T17:23:29+00:00
https://www.littleflowercottage.com/how-to-propagate-zinnias-an-easy-step-by-step-guide/,How to Propagate Zinnias: An Easy Step-by-Step Guide,support_article,informational,1236,0,2,0,22,7,False,2024-10-11T11:24:11+00:00
https://www.littleflowercottage.com/8-stunning-orchid-varieties-you-can-grow-indoors/,8 Stunning Orchid Varieties You Can Grow Indoors,support_article,informational,1210,0,2,0,12,7,False,2024-09-02T19:18:41+00:00
https://www.littleflowercottage.com/how-to-grow-lavender-from-seed/,How to Grow Lavender from Seed: A Simple Guide,support_article,informational,1194,0,2,3,12,8,False,2024-07-03T15:41:37+00:00
https://www.littleflowercottage.com/flowers-that-look-like-bluebells/,10 Enchanting Flowers That Look Just Like Bluebells,support_article,informational,1131,0,2,2,5,6,False,2024-06-23T13:20:36+00:00
https://www.littleflowercottage.com/plants-not-to-plant-with-rhododendrons/,12 Plants Not to Plant with Rhododendrons,support_article,informational,1122,0,2,2,37,8,False,2025-03-27T09:45:40+00:00
https://www.littleflowercottage.com/where-to-cut-orchid-stems-after-they-bloom/,Where to Cut Orchid Stems After They Bloom,support_article,informational,990,0,2,6,6,7,False,2023-10-15T10:07:47+00:00
https://www.littleflowercottage.com/plants-not-to-plant-with-dahlias/,12 Plants NOT to Plant With Dahlias,support_article,informational,943,0,2,3,17,8,False,2025-03-15T20:14:30+00:00
https://www.littleflowercottage.com/blog/,Blog - Little Flower Cottage,category_hub,navigational,562,0,0,10,0,0,False,
https://www.littleflowercottage.com/tips-to-make-your-peace-lily-grow-faster/,Tips to Make Your Peace Lily Grow Faster,pillar_guide,informational,4643,1,3,9,19,8,False,2026-05-02T17:36:20+00:00
https://www.littleflowercottage.com/growing-and-caring-for-tulips/,How to Grow and Care for Tulips Successfully,pillar_guide,informational,2863,1,3,1,10,8,False,2024-04-10T17:33:24+00:00
https://www.littleflowercottage.com/reasons-fiddle-leaf-fig-leaves-turn-yellow/,7 Reasons Fiddle Leaf Fig Leaves Turn Yellow,support_article,informational,2453,1,3,1,14,7,False,2026-07-24T19:02:03+00:00
https://www.littleflowercottage.com/reasons-your-fiddle-leaf-fig-isnt-growing/,9 Reasons Your Fiddle Leaf Fig Isn’t Growing (And What to Do About It),support_article,informational,2299,1,2,0,6,7,False,2026-07-23T16:20:55+00:00
https://www.littleflowercottage.com/ways-to-make-your-pothos-plant-grow-faster/,9 Ways to Make Your Pothos Plant Grow Faster,support_article,informational,2288,1,3,10,25,7,False,2026-01-01T18:19:09+00:00
https://www.littleflowercottage.com/best-plants-for-a-bathroom-without-windows/,The 12 Best Plants for a Bathroom Without Windows,comparison_or_review,commercial,2254,1,3,16,10,8,False,2025-02-28T20:43:00+00:00
https://www.littleflowercottage.com/how-to-grow-sunflowers/,How to Grow Sunflowers: A Simple Guide,support_article,informational,2186,1,3,2,19,8,False,2024-07-14T13:39:57+00:00
https://www.littleflowercottage.com/15-fantastic-plants-to-grow-in-hanging-baskets-for-stunning-outdoor-displays/,15 Fantastic Plants to Grow in Hanging Baskets for Stunning Outdoor Displays,support_article,informational,2183,1,2,0,11,8,False,2024-08-07T13:59:22+00:00
https://www.littleflowercottage.com/best-monstera-plants-for-beginners-which-swiss-cheese-plant-is-right-for-you/,Best Monstera Plants for Beginners: Which Swiss Cheese Plant Is Right For You?,comparison_or_review,commercial,2028,1,3,2,9,8,False,2025-05-13T19:23:16+00:00
https://www.littleflowercottage.com/the-best-flowers-for-fathers-day-the-ultimate-guide-to-breaking-tradition/,The Best Flowers for Father’s Day: The Ultimate Guide to Breaking Tradition,comparison_or_review,commercial,1968,1,3,0,1,6,False,2025-05-19T09:21:51+00:00
https://www.littleflowercottage.com/how-to-grow-malope/,How to Grow Malope: A Comprehensive Guide,pillar_guide,informational,1830,1,3,3,16,8,False,2024-07-30T18:49:28+00:00
https://www.littleflowercottage.com/flowers-that-grow-in-shade/,15 Flowers That Grow in Shade,support_article,informational,1756,1,3,11,6,6,False,2024-06-27T19:08:16+00:00
https://www.littleflowercottage.com/plants-not-to-plant-with-nigella/,10+ Plants Not to Plant With Nigella (And What Works Instead),support_article,informational,1563,1,3,0,8,7,False,2025-04-22T10:50:57+00:00
https://www.littleflowercottage.com/plants-not-to-plant-with-violets/,10 Plants Not to Plant with Violets,support_article,informational,1526,1,3,2,10,8,False,2025-03-31T17:20:25+00:00
https://www.littleflowercottage.com/plants-you-should-never-plant-with-marigolds/,11+ Plants You Should Never Plant with Marigolds (And What Works Better),support_article,informational,1492,1,3,2,8,8,False,2025-03-22T14:50:51+00:00
https://www.littleflowercottage.com/plants-not-to-plant-with-periwinkles/,11 Plants Not to Plant with Periwinkle (Vinca),support_article,informational,1491,1,3,2,3,8,False,2025-03-27T11:00:37+00:00
https://www.littleflowercottage.com/plants-you-can-grow-without-sunlight/,10 Plants You Can Grow Without Sunlight,support_article,informational,1438,1,3,15,6,6,False,2024-06-22T17:30:45+00:00
https://www.littleflowercottage.com/how-to-grow-mignonette/,How to Grow Mignonette: Expert Tips and Tricks,support_article,informational,1369,1,2,0,14,8,False,2024-07-28T16:51:42+00:00
https://www.littleflowercottage.com/plants-not-to-plant-with-yarrow/,11 Plants Not to Plant with Yarrow: What to Avoid,support_article,informational,1352,1,3,2,13,8,False,2025-03-24T11:43:05+00:00
https://www.littleflowercottage.com/plants-not-to-plant-with-impatiens/,10+ Plants NOT to Plant With Impatiens,support_article,informational,1350,1,2,2,6,8,False,2025-03-23T11:16:02+00:00
https://www.littleflowercottage.com/10-best-plants-to-plant-with-tulips/,10 Best Plants to Plant with Tulips,comparison_or_review,commercial,1307,1,3,3,6,8,False,2024-08-06T11:41:08+00:00
https://www.littleflowercottage.com/plants-not-to-plant-with-dusty-miller/,Plants NOT to Plant with Dusty Miller,support_article,informational,1290,1,3,2,4,8,False,2025-04-05T14:47:04+00:00
https://www.littleflowercottage.com/15-benefits-of-growing-pothos-plant/,15 Benefits of Growing Pothos Plant,support_article,informational,1245,1,3,3,5,8,False,2025-01-12T17:06:16+00:00
https://www.littleflowercottage.com/plants-you-should-not-plant-with-liatris/,13 Plants You Should NOT Plant With Liatris (And What To Plant Instead),support_article,informational,1217,1,2,2,8,8,False,2025-04-04T10:43:58+00:00
https://www.littleflowercottage.com/plants-not-to-plant-with-eryngium-sea-holly/,11 Plants NOT to Plant with Eryngium (Sea Holly),support_article,informational,1163,1,3,2,3,8,False,2025-04-06T11:38:57+00:00
https://www.littleflowercottage.com/how-to-grow-immortelle/,How to Grow Immortelle (Curry Plant): A Simple Guide,support_article,informational,1154,1,3,2,5,8,False,2024-07-27T20:53:09+00:00
https://www.littleflowercottage.com/plants-you-should-never-plant-with-lavender/,12+ Plants You Should Never Plant With Lavender (And What Works Instead),support_article,informational,1151,1,3,2,2,8,False,2025-03-22T15:10:31+00:00
https://www.littleflowercottage.com/plants-not-to-plant-with-scabiosa-pincushion-flower/,Plants NOT to Plant with Scabiosa (Pincushion Flower),support_article,informational,1145,1,3,2,5,7,False,2025-04-06T13:53:08+00:00
https://www.littleflowercottage.com/the-7-best-zinnias-for-attracting-butterflies/,The 7 Best Zinnias for Attracting Butterflies,comparison_or_review,commercial,1133,1,3,0,4,6,False,2024-10-12T13:44:45+00:00
https://www.littleflowercottage.com/13-plants-not-to-plant-with-buttercups/,13 Plants Not to Plant with Buttercups,support_article,informational,1128,1,3,0,5,8,False,2025-04-18T10:08:50+00:00
https://www.littleflowercottage.com/flowers-that-attract-birds-to-your-garden/,15 Flowers that Attract Birds to your Garden,support_article,informational,1078,1,3,12,7,6,False,2024-06-25T20:13:48+00:00
https://www.littleflowercottage.com/7-reasons-why-your-zinnia-leaves-are-wilting/,7 Reasons Why Your Zinnia Leaves Are Wilting,support_article,informational,1055,1,3,0,3,8,False,2024-10-11T14:30:35+00:00
https://www.littleflowercottage.com/plants-not-to-plant-with-brunia-and-why/,Plants Not to Plant with Brunia (and Why),support_article,informational,1012,1,3,2,1,8,False,2025-04-04T11:01:18+00:00
https://www.littleflowercottage.com/companion-plants-for-alyssum/,The 10 Best Companion Plants for Alyssum,comparison_or_review,commercial,1011,1,3,3,6,4,False,2024-07-24T14:58:20+00:00
https://www.littleflowercottage.com/how-to-prune-a-pothos-a-step-by-step-guide/,How to Prune a Pothos: A Step by Step Guide,pillar_guide,informational,5289,2,4,12,27,8,False,2026-03-29T20:24:14+00:00
https://www.littleflowercottage.com/why-is-my-plant-dying/,Why Is My Plant Dying? 12 Common Problems Solved,pillar_guide,informational,4579,2,4,12,64,8,False,2026-03-02T17:49:44+00:00
https://www.littleflowercottage.com/how-to-prune-a-spider-plant/,How to Prune a Spider Plant: A Step by Step Guide,pillar_guide,informational,4370,2,4,3,13,8,False,2026-08-25T13:39:41+00:00
https://www.littleflowercottage.com/best-fertilizer-for-orchids-what-to-use-and-when/,Best Fertilizer for Orchids: What to Use and When,comparison_or_review,commercial,4014,2,4,8,9,8,False,2026-05-28T11:30:11+00:00
https://www.littleflowercottage.com/how-to-plan-a-flower-bed-from-scratch/,How to Plan a Flower Bed from Scratch,pillar_guide,informational,3940,2,4,3,4,7,False,2025-12-14T14:16:09+00:00
https://www.littleflowercottage.com/best-soil-for-peace-lilies-what-they-need-and-why/,Best Soil for Peace Lilies: What They Need and Why,comparison_or_review,commercial,3871,2,4,8,10,8,False,2026-04-26T12:47:59+00:00
https://www.littleflowercottage.com/how-to-grow-a-bigger-monstera-fast/,How to Grow a Bigger Monstera – Fast,pillar_guide,informational,3572,2,3,11,32,7,False,2026-03-14T20:42:45+00:00
https://www.littleflowercottage.com/how-to-prune-an-orchid/,How to Prune an Orchid: A Complete Guide,pillar_guide,informational,3438,2,4,8,13,8,False,2026-03-26T16:49:12+00:00
https://www.littleflowercottage.com/growing-and-caring-for-chrysanthemum/,A Guide to Growing and Caring for Chrysanthemum,pillar_guide,informational,3276,2,4,3,17,8,False,2024-04-10T16:29:18+00:00
https://www.littleflowercottage.com/how-to-repot-a-monstera/,How to Repot a Monstera: A Complete Guide (Without Killing It),pillar_guide,informational,3055,2,4,11,32,8,False,2026-04-10T15:02:21+00:00
https://www.littleflowercottage.com/reasons-your-orchid-leaves-are-wrinkled-with-fixes/,11 Reasons Your Orchid Leaves Are Wrinkled (With Fixes),pillar_guide,informational,2888,2,4,9,21,8,False,2026-06-09T19:46:10+00:00
https://www.littleflowercottage.com/understanding-plant-light-what-bright-indirect-means/,Understanding Plant Light: What ‘Bright Indirect’ Means,pillar_guide,informational,2756,2,4,6,11,8,False,2026-02-25T14:53:04+00:00
https://www.littleflowercottage.com/how-to-repot-a-christmas-cactus/,How to Repot a Christmas Cactus,pillar_guide,informational,2676,2,327,6,14,7,False,2026-09-07T19:44:19+00:00
https://www.littleflowercottage.com/how-to-grow-a-spider-plant-in-water/,How to Grow a Spider Plant in Water,support_article,informational,2361,2,327,8,13,8,False,2026-09-09T09:48:03+00:00
https://www.littleflowercottage.com/16-reasons-your-zz-plant-is-turning-brown-and-how-to-fix-it/,16 Reasons Your ZZ Plant Is Turning Brown (And How to Fix It),support_article,informational,2092,2,4,5,39,8,False,2024-12-15T17:13:19+00:00
https://www.littleflowercottage.com/12-reasons-your-orchid-stem-is-turning-yellow/,12 Reasons your Orchid Stem is Turning Yellow,support_article,informational,2081,2,4,2,30,8,False,2024-11-22T20:19:01+00:00
https://www.littleflowercottage.com/15-perfect-flowers-for-small-balcony-gardens-to-brighten-your-space/,15 Perfect Flowers for Small Balcony Gardens to Brighten Your Space,support_article,informational,2058,2,4,0,2,8,False,2024-08-06T20:52:58+00:00
https://www.littleflowercottage.com/9-reasons-your-snake-plant-is-leaning-and-how-to-fix-it/,9 Reasons Your Snake Plant Is Leaning (And How To Fix It),support_article,informational,1982,2,3,5,16,6,False,2025-03-11T09:57:27+00:00
https://www.littleflowercottage.com/12-plants-not-to-grow-with-salvia/,12 Plants NOT to Grow With Salvia (and Why),support_article,informational,1948,2,4,3,6,8,False,2025-05-25T21:29:41+00:00
https://www.littleflowercottage.com/10-plants-not-to-grow-with-basil/,10+ Plants NOT to Grow With Basil,support_article,informational,1871,2,4,0,5,8,False,2025-05-28T10:04:02+00:00
https://www.littleflowercottage.com/best-orchids-for-beginners/,The 5 Best Orchids for Beginners: How to Get Started,comparison_or_review,commercial,1819,2,4,3,10,8,False,2026-08-12T21:10:30+00:00
https://www.littleflowercottage.com/plants-that-survive-winter-outside/,15 Plants That Survive Winter Outside (and Are Easy to Grow),support_article,informational,1792,2,4,5,5,4,False,2024-06-24T15:18:07+00:00
https://www.littleflowercottage.com/tips-to-make-your-orchid-grow-faster/,10 Tips to Make Your Orchid Grow Faster,support_article,informational,1751,2,4,8,11,8,False,2025-12-17T19:04:33+00:00
https://www.littleflowercottage.com/tips-for-growing-orchids-indoors/,20+ Tips for Growing Orchids Indoors,support_article,informational,1741,2,4,9,26,8,False,2024-08-03T20:42:05+00:00
https://www.littleflowercottage.com/plants-you-should-never-plant-with-hostas/,Plants You Should Never Plant With Hostas (And What To Plant Instead),support_article,informational,1728,2,4,2,28,8,False,2025-03-21T11:37:50+00:00
https://www.littleflowercottage.com/plants-not-to-plant-with-chrysanthemums/,12 Plants Not to Plant with Chrysanthemums,support_article,informational,1623,2,4,2,13,8,False,2025-03-26T11:30:16+00:00
https://www.littleflowercottage.com/19-reasons-your-peace-lily-flower-turned-green-with-fixes/,19 Reasons Your Peace Lily Flower Turned Green (with Fixes),support_article,informational,1602,2,4,0,21,7,False,2024-12-04T16:42:17+00:00
https://www.littleflowercottage.com/how-to-grow-giant-sunflowers/,How to Grow Giant Sunflowers: Easy to Follow Steps,support_article,informational,1578,2,3,3,0,7,False,2024-07-13T08:56:51+00:00
https://www.littleflowercottage.com/plants-not-to-plant-with-clematis/,9 Plants Not to Plant with Clematis,support_article,informational,1574,2,4,2,4,8,False,2025-03-26T11:56:11+00:00
https://www.littleflowercottage.com/8-reasons-your-zinnias-are-dying-and-how-to-fix-them/,8 Reasons Your Zinnias Are Dying (And How to Fix Them!),support_article,informational,1570,2,4,0,5,7,False,2024-10-11T13:11:18+00:00
https://www.littleflowercottage.com/plants-not-to-plant-with-roses/,13 Plants Not to Plant with Roses (and Why),support_article,informational,1565,2,4,2,15,8,False,2025-03-22T14:25:18+00:00
https://www.littleflowercottage.com/plants-not-to-plant-with-hollyhock/,13 Plants Not to Plant with Hollyhock,support_article,informational,1565,2,4,4,8,7,False,2025-03-31T18:45:44+00:00
https://www.littleflowercottage.com/7-reasons-for-holes-in-your-pothos-leaves-and-how-to-fix-them/,7 Reasons for Holes in your Pothos Leaves (and How to Fix Them),support_article,informational,1550,2,5,3,2,8,False,2025-01-16T15:45:22+00:00
https://www.littleflowercottage.com/9-reasons-your-pothos-leaves-are-turning-black-and-how-to-fix-it/,9 Reasons Your Pothos Leaves Are Turning Black and How to Fix It,support_article,informational,1538,2,4,3,12,6,False,2025-01-15T12:07:27+00:00
https://www.littleflowercottage.com/plants-not-to-plant-with-pansies/,13 Plants Not to Plant with Pansies (And What to Plant Instead),support_article,informational,1531,2,4,2,9,8,False,2025-03-19T11:10:47+00:00
https://www.littleflowercottage.com/plants-not-to-plant-with-sedum/,10 Plants Not to Plant with Sedum,support_article,informational,1510,2,4,2,13,8,False,2025-04-01T14:23:48+00:00
https://www.littleflowercottage.com/plants-you-should-never-plant-with-peonies/,13 Plants You Should Never Plant with Peonies,support_article,informational,1483,2,4,2,6,7,False,2025-03-19T11:30:46+00:00
https://www.littleflowercottage.com/how-to-grow-zinnias-in-pots/,How to Grow Zinnias in Pots,support_article,informational,1482,2,4,0,9,8,False,2024-10-13T08:28:41+00:00
https://www.littleflowercottage.com/8-ways-to-save-a-dying-corn-plant/,8 Ways to Save a Dying Corn Plant,support_article,informational,1473,2,4,2,17,8,False,2024-07-22T10:43:43+00:00
https://www.littleflowercottage.com/plants-you-should-never-plant-with-lilacs/,11+ Plants You Should NEVER Plant with Lilacs,support_article,informational,1463,2,4,2,20,8,False,2025-03-21T12:22:08+00:00
https://www.littleflowercottage.com/6-plants-not-to-plant-with-zinnias/,6 Plants Not to Plant With Zinnias (and Why),support_article,informational,1455,2,4,2,13,8,False,2025-01-22T13:56:39+00:00
https://www.littleflowercottage.com/tips-for-caring-for-an-orchid-indoors/,15 Tips for Caring for an Orchid Indoors,support_article,informational,1454,2,4,7,22,7,False,2024-07-18T18:42:04+00:00
https://www.littleflowercottage.com/10-plants-not-to-plant-with-hyacinth/,10+ Plants Not to Plant with Hyacinth,support_article,informational,1431,2,4,0,4,8,False,2025-07-04T20:47:59+00:00
https://www.littleflowercottage.com/10-signs-your-spider-plant-is-dying-and-what-to-do/,10 Signs Your Spider Plant Is Dying (And What to Do),support_article,informational,1414,2,4,7,20,7,False,2024-09-28T14:13:54+00:00
https://www.littleflowercottage.com/plants-not-to-plant-with-cosmos/,13 Plants Not to Plant with Cosmos,support_article,informational,1395,2,4,1,11,8,False,2025-03-27T09:14:33+00:00
https://www.littleflowercottage.com/plants-not-to-plant-with-ranunculus-and-why/,Plants Not to Plant with Ranunculus (and Why),support_article,informational,1386,2,4,2,15,8,False,2025-04-09T10:52:55+00:00
https://www.littleflowercottage.com/what-not-to-plant-with-honeysuckle/,What Not to Plant with Honeysuckle: 10 to Avoid,support_article,informational,1371,2,4,2,2,8,False,2025-03-20T15:36:26+00:00
https://www.littleflowercottage.com/10-plants-and-flowers-that-can-harm-your-dog/,10 Plants and Flowers That Can Harm Your Dog: Keep Your Pet Safe,support_article,informational,1369,2,4,0,0,7,False,2024-08-23T18:52:42+00:00
https://www.littleflowercottage.com/10-plants-to-never-grow-next-to-roses/,10 Plants to Never Grow Next to Roses (and Why),support_article,informational,1356,2,4,2,4,8,False,2024-08-04T13:49:56+00:00
https://www.littleflowercottage.com/plants-not-to-plant-with-alstroemeria/,Plants Not to Plant with Alstroemeria,support_article,informational,1351,2,4,2,19,8,False,2025-04-08T12:51:46+00:00
https://www.littleflowercottage.com/13-plants-not-to-plant-with-poinsettia/,13 Plants Not to Plant with Poinsettia,support_article,informational,1347,2,4,0,3,7,False,2025-04-21T14:02:38+00:00
https://www.littleflowercottage.com/plants-not-to-plant-with-gladiolus/,10+ Plants NOT to Plant With Gladiolus (And What To Plant Instead),support_article,informational,1315,2,3,3,9,8,False,2025-03-20T15:17:36+00:00
https://www.littleflowercottage.com/plants-you-should-not-plant-with-daffodils/,12 Plants You Should NOT Plant With Daffodils (And What to Plant Instead),support_article,informational,1301,2,4,2,5,8,False,2025-03-24T11:25:53+00:00
https://www.littleflowercottage.com/plants-you-should-never-plant-with-stock/,10 Plants You Should Never Plant With Stock,support_article,informational,1271,2,4,2,6,8,False,2025-04-17T12:29:53+00:00
https://www.littleflowercottage.com/plants-not-to-plant-with-hibiscus/,13 Plants NOT to Plant With Hibiscus,support_article,informational,1255,2,4,2,8,8,False,2025-03-19T14:05:13+00:00
https://www.littleflowercottage.com/plants-not-to-plant-with-aster/,7 Plants Not to Plant with Aster (and Why),support_article,informational,1239,2,4,1,2,8,False,2025-03-24T11:20:08+00:00
https://www.littleflowercottage.com/plants-not-to-plant-with-foxglove/,9 Plants Not to Plant With Foxglove,support_article,informational,1219,2,4,2,2,4,False,2025-03-16T09:37:59+00:00
https://www.littleflowercottage.com/how-to-care-for-tulips-in-a-vase-helpful-tips/,How to Care for Tulips in a Vase: Helpful Tips,support_article,informational,1215,2,4,5,1,3,False,2024-08-05T15:16:41+00:00
https://www.littleflowercottage.com/13-plants-not-to-plant-with-anemone/,13 Plants Not to Plant with Anemone,support_article,informational,1211,2,4,3,15,8,False,2025-04-10T11:01:13+00:00
https://www.littleflowercottage.com/how-to-revive-a-dying-zinnia/,How to Revive a Dying Zinnia,support_article,informational,1209,2,4,0,7,8,False,2024-10-12T14:11:00+00:00
https://www.littleflowercottage.com/the-best-perennial-flowers-that-bloom-all-year/,The Best Perennial Flowers That Bloom All Year,comparison_or_review,commercial,1204,2,4,0,6,7,False,2025-01-30T15:31:18+00:00
https://www.littleflowercottage.com/what-not-to-plant-with-nasturtiums-13-plants-to-avoid/,What Not to Plant with Nasturtiums: 13 Plants to Avoid,support_article,informational,1177,2,4,4,12,8,False,2025-03-18T14:38:15+00:00
https://www.littleflowercottage.com/plants-not-to-plant-with-delphiniums/,12 Plants Not to Plant With Delphiniums,support_article,informational,1142,2,4,0,4,6,False,2025-03-17T12:26:06+00:00
https://www.littleflowercottage.com/plants-not-to-plant-with-oleander/,13 Plants NOT to Plant With Oleander (and Why),support_article,informational,1140,2,4,0,5,8,False,2025-04-16T13:09:13+00:00
https://www.littleflowercottage.com/plants-not-to-plant-with-lisianthus/,Plants NOT to Plant with Lisianthus,support_article,informational,1112,2,4,2,7,8,False,2025-04-06T10:45:44+00:00
https://www.littleflowercottage.com/how-to-grow-toadflax/,How to Grow Toadflax: A Simple Guide,support_article,informational,1046,2,4,3,7,8,False,2024-07-29T20:06:52+00:00
https://www.littleflowercottage.com/plants-not-to-plant-with-daylilies/,11 Plants Not to Plant With Daylilies,support_article,informational,985,2,4,3,9,8,False,2025-03-16T10:01:32+00:00
https://www.littleflowercottage.com/7-reasons-your-peace-lily-leaves-are-turning-brown-with-how-to-fix-them/,7 Reasons Your Peace Lily Leaves Are Turning Brown (With How to Fix Them),support_article,informational,949,2,3,1,15,7,False,2024-10-29T12:21:34+00:00
https://www.littleflowercottage.com/plants-not-to-plant-with-borage/,10+ Plants Not to Plant With Borage,support_article,informational,941,2,4,2,10,6,False,2025-03-17T12:46:33+00:00
https://www.littleflowercottage.com/plants-not-to-plant-with-amaranth/,12 Plants Not to Plant With Amaranth,support_article,informational,895,2,4,2,13,8,False,2025-03-17T14:16:52+00:00
https://www.littleflowercottage.com/the-6-best-zinnias-for-pollinators/,The 6 Best Zinnias for Pollinators,comparison_or_review,commercial,877,2,4,0,4,7,False,2024-10-12T15:36:59+00:00
https://www.littleflowercottage.com/how-to-prune-a-snake-plant/,How to Prune a Snake Plant: A Step by Step Guide,pillar_guide,informational,4400,3,5,3,5,8,False,2026-08-28T15:54:57+00:00
https://www.littleflowercottage.com/how-to-water-houseplants/,How to Water Houseplants: The Complete Guide,pillar_guide,informational,3502,3,5,11,7,8,False,2025-11-26T11:04:29+00:00
https://www.littleflowercottage.com/7-signs-your-peace-lily-needs-repotting/,7 Signs your Peace Lily Needs Repotting,pillar_guide,informational,2878,3,5,9,2,7,False,2026-04-20T20:59:24+00:00
https://www.littleflowercottage.com/why-your-monstera-growing-sideways/,Why Is Your Monstera Growing Sideways (and How to Fix It),pillar_guide,informational,2858,3,5,11,5,8,False,2026-04-08T13:17:23+00:00
https://www.littleflowercottage.com/easy-tricks-to-make-your-pothos-climb/,Easy Tricks to Make Your Pothos Climb,pillar_guide,informational,2844,3,5,10,9,7,False,2026-03-19T09:58:49+00:00
https://www.littleflowercottage.com/easiest-flowers-for-beginners-to-grow/,10 Easiest Flowers for Beginners to Grow,pillar_guide,informational,2620,3,5,0,0,8,False,2026-01-31T17:05:26+00:00
https://www.littleflowercottage.com/how-to-revive-a-christmas-cactus/,How to Revive a Christmas Cactus (Step by Step),support_article,informational,2491,3,327,6,2,7,False,2026-09-06T16:21:55+00:00
https://www.littleflowercottage.com/reasons-your-spider-plant-leaves-are-curling/,9 Reasons your Spider Plant Leaves are Curling (with Fixes),support_article,informational,2471,3,5,9,6,8,False,2026-06-07T10:50:15+00:00
https://www.littleflowercottage.com/9-reasons-your-snake-plant-is-turning-brown/,9 Reasons Your Snake Plant is Turning Brown,support_article,informational,2410,3,5,2,8,6,False,2025-03-07T16:25:26+00:00
https://www.littleflowercottage.com/15-flowers-that-bloom-all-year-round-enhance-your-garden-with-year-round-color/,15 Flowers That Bloom All Year Round: Enhance Your Garden with Year Round Color,support_article,informational,2320,3,5,4,2,7,False,2024-08-08T14:57:09+00:00
https://www.littleflowercottage.com/how-to-propagate-a-monstera-plant/,How to Propagate a Monstera Plant: Turn One Plant Into a Jungle,support_article,informational,2182,3,5,8,4,8,False,2026-03-31T14:35:12+00:00
https://www.littleflowercottage.com/monstera-aerial-roots-cut-or-keep/,Monstera Aerial Roots: Should You Cut or Keep Them?,support_article,informational,2122,3,5,9,2,7,False,2026-06-08T08:18:11+00:00
https://www.littleflowercottage.com/how-to-propagate-orchids-correctly/,"How to Propagate Orchids Correctly (Tips for Division, Keiki and More)",support_article,informational,2043,3,5,4,3,7,False,2024-07-18T08:43:29+00:00
https://www.littleflowercottage.com/7-reasons-your-snake-plant-is-wrinkled-and-how-to-fix-it/,7 Reasons Your Snake Plant Is Wrinkled (And How To Fix It),support_article,informational,2019,3,5,3,3,5,False,2025-03-07T15:38:38+00:00
https://www.littleflowercottage.com/13-plants-not-to-plant-with-fuchsia-and-why/,13 Plants Not to Plant with Fuchsia (And Why),support_article,informational,1902,3,5,0,0,7,False,2025-06-24T11:57:27+00:00
https://www.littleflowercottage.com/10-reasons-your-peace-lily-leaves-are-turning-black-with-fixes/,10 Reasons Your Peace Lily Leaves Are Turning Black (With Fixes),support_article,informational,1827,3,5,11,11,8,False,2024-12-05T20:14:46+00:00
https://www.littleflowercottage.com/8-reasons-your-peace-lily-isnt-growing/,8 Reasons Your Peace Lily Isn’t Growing,support_article,informational,1822,3,5,8,0,7,False,2026-04-03T08:40:56+00:00
https://www.littleflowercottage.com/how-to-get-long-trailing-spider-plant-babies/,"How to Get Long, Trailing Spider Plant Babies",support_article,informational,1789,3,5,6,2,7,False,2026-06-14T13:31:46+00:00
https://www.littleflowercottage.com/25-reasons-your-orchid-leaves-are-splitting/,25 Reasons your Orchid Leaves are Splitting,support_article,informational,1783,3,5,3,4,8,False,2024-11-19T20:12:50+00:00
https://www.littleflowercottage.com/how-to-plant-a-lavender-hedge/,How to Plant a Lavender Hedge: A Simple Guide,support_article,informational,1716,3,5,2,2,8,False,2024-07-09T16:17:26+00:00
https://www.littleflowercottage.com/20-simple-tips-to-grow-bigger-pothos-leaves/,20 Simple Tips To Grow Bigger Pothos Leaves,support_article,informational,1629,3,4,3,3,7,False,2025-01-18T14:19:05+00:00
https://www.littleflowercottage.com/how-to-care-for-pothos-plant-indoors/,How to Care for Pothos Plant Indoors,support_article,informational,1603,3,5,3,4,7,False,2025-01-19T22:03:58+00:00
https://www.littleflowercottage.com/plants-not-to-plant-with-catmint/,12 Plants Not to Plant with Catmint,support_article,informational,1574,3,4,2,0,8,False,2025-04-01T15:27:49+00:00
https://www.littleflowercottage.com/plants-not-to-plant-with-agapanthus/,10+ Plants Not to Plant with Agapanthus (And What Works Instead),support_article,informational,1543,3,5,0,0,8,False,2025-04-15T16:43:15+00:00
https://www.littleflowercottage.com/plants-you-should-never-plant-with-wisteria/,13 Plants You Should Never Plant With Wisteria (And What To Do Instead),support_article,informational,1505,3,5,2,0,8,False,2025-03-31T17:12:05+00:00
https://www.littleflowercottage.com/plants-not-to-plant-with-camellia/,12 Plants Not to Plant with Camellia,support_article,informational,1502,3,5,2,1,8,False,2025-03-28T13:42:31+00:00
https://www.littleflowercottage.com/plants-not-to-plant-with-petunias/,10+ Plants Not to Plant with Petunias,support_article,informational,1446,3,5,2,1,8,False,2025-03-26T11:01:16+00:00
https://www.littleflowercottage.com/plants-you-should-never-plant-with-your-buddleia/,Plants You Should NEVER Plant With Your Buddleia,support_article,informational,1435,3,5,2,1,8,False,2025-04-02T19:16:52+00:00
https://www.littleflowercottage.com/7-signs-your-pothos-plant-is-dying-and-how-to-save-it/,7 Signs Your Pothos Plant Is Dying (and How to Save It),support_article,informational,1423,3,5,3,2,8,False,2025-01-09T11:55:27+00:00
https://www.littleflowercottage.com/how-long-do-orchid-blooms-last/,How Long do Orchid Blooms Last,support_article,informational,1422,3,5,4,2,7,False,2023-08-03T10:18:35+00:00
https://www.littleflowercottage.com/plants-you-should-never-plant-with-daisies/,13 Plants You Should Never Plant with Daisies (& What to Plant Instead),support_article,informational,1416,3,5,2,0,8,False,2025-03-20T14:01:16+00:00
https://www.littleflowercottage.com/plants-you-should-never-plant-with-poppies/,13 Plants You Should Never Plant With Poppies,support_article,informational,1409,3,4,4,1,8,False,2025-03-23T10:57:56+00:00
https://www.littleflowercottage.com/soil-guide-for-pothos-plants-the-right-mix-and-more/,Soil Guide for Pothos Plants: The Right Mix and More,support_article,informational,1370,3,4,3,3,5,False,2025-01-19T16:31:56+00:00
https://www.littleflowercottage.com/plants-you-should-never-plant-with-gardenia/,13 Plants You Should Never Plant With Gardenia,support_article,informational,1359,3,5,2,1,8,False,2025-04-07T08:41:37+00:00
https://www.littleflowercottage.com/plants-not-to-plant-with-alyssum/,12 Plants Not to Plant with Alyssum (and Why),support_article,informational,1324,3,5,3,4,8,False,2024-07-20T19:30:46+00:00
https://www.littleflowercottage.com/12-tips-to-save-a-dying-zz-plant/,12 Tips to Save a Dying ZZ Plant,support_article,informational,1313,3,5,2,2,8,False,2024-12-09T16:23:12+00:00
https://www.littleflowercottage.com/plants-not-to-plant-with-cornflower/,11+ Plants NOT to Plant With Cornflower,support_article,informational,1282,3,5,2,0,8,False,2025-04-14T09:37:03+00:00
https://www.littleflowercottage.com/13-plants-you-should-never-plant-with-snapdragons-and-what-to-plant-instead/,13 Plants You Should Never Plant With Snapdragons (And What To Plant Instead),support_article,informational,1247,3,5,2,1,8,False,2025-03-30T10:45:47+00:00
https://www.littleflowercottage.com/plants-you-should-never-plant-with-larkspur/,13 Plants You Should Never Plant With Larkspur (And What Works Instead),support_article,informational,1230,3,5,2,1,8,False,2025-04-02T19:08:02+00:00
https://www.littleflowercottage.com/9-reasons-your-pothos-plant-leaves-are-drooping-and-how-to-fix-them/,9 Reasons Your Pothos Plant Leaves Are Drooping (And How to Fix Them),support_article,informational,1223,3,4,3,2,6,False,2025-01-14T15:37:21+00:00
https://www.littleflowercottage.com/11-plants-not-to-plant-with-amaranthus/,11+ Plants Not to Plant with Amaranthus,support_article,informational,1215,3,5,0,1,7,False,2025-04-20T10:57:01+00:00
https://www.littleflowercottage.com/plants-not-to-plant-with-carnations/,10 Plants NOT to Plant With Carnations (and Why),support_article,informational,1194,3,4,2,0,8,False,2025-03-30T10:04:51+00:00
https://www.littleflowercottage.com/plants-not-to-plant-with-freesia/,Plants NOT to Plant with Freesia (and Why),support_article,informational,1189,3,5,2,1,7,False,2025-04-05T14:34:22+00:00
https://www.littleflowercottage.com/5-plants-not-to-plant-with-marigolds/,5 Plants NOT to Plant With Marigolds,support_article,informational,1179,3,5,2,3,8,False,2025-01-22T15:31:45+00:00
https://www.littleflowercottage.com/plants-not-to-plant-with-crocus/,10 Plants Not to Plant with Crocus (and Why),support_article,informational,1155,3,5,2,2,8,False,2025-04-02T19:51:21+00:00
https://www.littleflowercottage.com/plants-not-to-plant-with-alliums-and-why/,11 Plants NOT to Plant with Alliums (and Why),support_article,informational,1119,3,5,2,1,7,False,2025-03-17T15:11:39+00:00
https://www.littleflowercottage.com/plants-not-to-plant-with-azaleas/,12 Plants Not to Plant With Azaleas,support_article,informational,1020,3,5,3,5,8,False,2025-03-16T20:54:48+00:00
https://www.littleflowercottage.com/7-reasons-your-zinnias-leaves-are-turning-brown-and-how-to-fix-it/,7 Reasons Your Zinnias’ Leaves Are Turning Brown (And How to Fix It),support_article,informational,968,3,5,0,2,8,False,2024-10-11T13:44:04+00:00
https://www.littleflowercottage.com/5-reasons-why-your-spider-plant-leaves-are-bending/,5 Reasons Why your Spider Plant Leaves are Bending,support_article,informational,927,3,5,0,1,8,False,2024-10-10T13:09:06+00:00
https://www.littleflowercottage.com/how-to-prune-a-monstera-a-step-by-step-guide/,How to Prune a Monstera: A Step-by-Step Guide,pillar_guide,informational,3884,4,6,9,7,8,False,2026-03-28T10:04:00+00:00
https://www.littleflowercottage.com/how-to-tell-a-new-orchid-root-from-a-new-spike/,How to Tell a New Orchid Root from a New Spike,pillar_guide,informational,3618,4,6,6,1,8,False,2026-04-24T14:25:22+00:00
https://www.littleflowercottage.com/monstera-fertilizer-guide/,"Monstera Fertilizer Guide: How To, When To, What With and More",pillar_guide,informational,3142,4,6,10,2,8,False,2026-03-17T20:58:45+00:00
https://www.littleflowercottage.com/how-to-make-a-snake-plant-bushy-and-fuller/,How to Make a Snake Plant Bushy and Fuller,pillar_guide,informational,3033,4,6,7,1,8,False,2026-07-08T21:07:41+00:00
https://www.littleflowercottage.com/reasons-your-orchid-buds-are-falling-off-before-they-bloom/,9 Reasons your Orchid Buds are Falling Off Before They Bloom,pillar_guide,informational,2851,4,6,11,4,7,False,2026-06-02T11:21:08+00:00
https://www.littleflowercottage.com/reasons-your-christmas-cactus-has-yellow-leaves/,12 Reasons Your Christmas Cactus Has Yellow Leaves (and How to Fix it),support_article,informational,2494,4,327,5,7,8,False,2026-09-08T15:21:52+00:00
https://www.littleflowercottage.com/7-reasons-your-snake-plant-is-falling-over/,7 Reasons Your Snake Plant is Falling Over,support_article,informational,2478,4,5,11,3,7,False,2025-03-11T11:58:39+00:00
https://www.littleflowercottage.com/best-cottage-garden-flowers/,The Best Cottage Garden Flowers (and How to Grow Them),comparison_or_review,commercial,2376,4,6,0,3,7,False,2025-11-05T21:03:11+00:00
https://www.littleflowercottage.com/where-to-put-your-peace-lily-indoors/,Where to Put Your Peace Lily Indoors,support_article,informational,2259,4,6,8,1,7,False,2026-01-06T17:12:03+00:00
https://www.littleflowercottage.com/best-monstera-plants-for-small-spaces/,The Best Monstera Plants for Small Spaces: 6 Varieties That Won’t Take Over Your Home,comparison_or_review,commercial,2116,4,6,0,3,8,False,2025-05-16T15:23:11+00:00
https://www.littleflowercottage.com/9-reasons-your-snake-plant-is-drooping-and-how-to-fix-it/,9 Reasons Your Snake Plant is Drooping (And How to Fix It!),support_article,informational,2050,4,6,7,7,7,False,2025-03-08T17:07:00+00:00
https://www.littleflowercottage.com/7-reasons-why-your-snake-plant-leaves-are-splitting/,7 Reasons Why Your Snake Plant Leaves Are Splitting,support_article,informational,1989,4,6,3,4,8,False,2025-03-07T19:50:55+00:00
https://www.littleflowercottage.com/7-reasons-your-monstera-plant-is-curling-and-how-to-fix-it/,7 Reasons Your Monstera Plant is Curling (And How to Fix It),support_article,informational,1977,4,5,1,4,8,False,2025-05-07T13:36:46+00:00
https://www.littleflowercottage.com/plants-not-to-plant-with-hydrangeas/,10 Plants NOT to Plant With Hydrangeas,support_article,informational,1970,4,6,2,4,8,False,2025-03-13T17:09:57+00:00
https://www.littleflowercottage.com/lavender-care/,Lavender Care: Secrets to Keeping Your Plants Healthy,support_article,informational,1885,4,5,6,5,6,False,2024-07-07T12:45:05+00:00
https://www.littleflowercottage.com/9-steps-to-save-a-dying-pothos-plant/,9 Steps to Save a Dying Pothos Plant,support_article,informational,1866,4,6,3,0,8,False,2025-01-05T14:51:50+00:00
https://www.littleflowercottage.com/9-signs-your-peace-lily-is-dying-and-how-to-save-it/,9 Signs Your Peace Lily Is Dying (and How to Save It),support_article,informational,1866,4,6,7,9,7,False,2024-10-29T20:09:47+00:00
https://www.littleflowercottage.com/20-reasons-your-pothos-isnt-growing-with-fixes/,20 Reasons your Pothos isn’t Growing (with Fixes),support_article,informational,1860,4,6,3,4,8,False,2025-01-18T15:49:06+00:00
https://www.littleflowercottage.com/plants-you-should-never-plant-with-forget-me-nots/,Plants You Should Never Plant With Forget Me Nots,support_article,informational,1772,4,6,0,0,7,False,2025-06-26T08:38:30+00:00
https://www.littleflowercottage.com/the-ultimate-beginners-houseplant-care-guide/,The Ultimate Beginner’s Houseplant Care Guide,pillar_guide,informational,1654,4,6,3,2,8,False,2025-01-29T21:19:57+00:00
https://www.littleflowercottage.com/how-to-grow-pothos-in-water-a-simple-guide/,How to Grow Pothos in Water: A Simple Guide,support_article,informational,1576,4,6,3,1,8,False,2025-01-19T14:43:36+00:00
https://www.littleflowercottage.com/plants-not-to-plant-with-black-eyed-susan-rudbeckia/,13 Plants Not to Plant with Black-Eyed Susan (Rudbeckia),support_article,informational,1513,4,6,2,0,8,False,2025-03-30T10:40:31+00:00
https://www.littleflowercottage.com/how-to-grow-hanging-orchids/,How to Grow Hanging Orchids: Easy to Follow Steps,support_article,informational,1493,4,6,7,3,8,False,2024-07-16T19:49:23+00:00
https://www.littleflowercottage.com/plants-not-to-plant-with-columbine/,11 Plants Not to Plant with Columbine,support_article,informational,1413,4,6,2,1,8,False,2025-03-28T14:08:56+00:00
https://www.littleflowercottage.com/9-reasons-your-zz-plant-is-drooping-and-how-to-fix-it/,9 Reasons Your ZZ Plant is Drooping (and How to Fix It),support_article,informational,1401,4,5,5,4,7,False,2024-12-29T21:36:46+00:00
https://www.littleflowercottage.com/13-plants-you-should-never-plant-with-irises-and-what-to-grow-instead/,13 Plants You Should Never Plant With Irises (And What to Grow Instead),support_article,informational,1363,4,7,4,1,8,False,2025-03-18T15:15:02+00:00
https://www.littleflowercottage.com/how-to-care-for-a-peace-lily-indoors/,How To Care For a Peace Lily Indoors,support_article,informational,1339,4,5,0,16,5,False,2024-12-07T14:09:41+00:00
https://www.littleflowercottage.com/how-to-grow-zinnias-an-easy-to-follow-guide-for-success/,How to Grow Zinnias: An Easy to Follow Guide for Success,support_article,informational,1332,4,6,0,3,8,False,2024-10-13T08:51:08+00:00
https://www.littleflowercottage.com/how-to-grow-tulips-indoors-a-simple-guide/,How to Grow Tulips Indoors: A Simple Guide,support_article,informational,1332,4,5,2,1,4,False,2024-08-06T13:20:03+00:00
https://www.littleflowercottage.com/plants-not-to-plant-with-astilbe/,13 Plants Not to Plant with Astilbe,support_article,informational,1332,4,5,2,0,8,False,2025-03-28T13:57:53+00:00
https://www.littleflowercottage.com/how-to-revive-a-dying-spider-plant-a-simple-guide/,How to Revive a Dying Spider Plant: A Simple Guide,support_article,informational,1303,4,6,8,5,5,False,2024-10-09T10:16:04+00:00
https://www.littleflowercottage.com/13-plants-you-should-never-plant-with-phlox/,13 Plants You Should Never Plant with Phlox,support_article,informational,1303,4,6,3,1,7,False,2025-04-19T10:48:43+00:00
https://www.littleflowercottage.com/plants-you-should-never-plant-with-hypericum/,Plants You Should Never Plant With Hypericum,support_article,informational,1299,4,6,2,0,8,False,2025-04-04T11:07:43+00:00
https://www.littleflowercottage.com/plants-not-to-plant-with-coneflowers/,7 Plants Not to Plant With Coneflowers,support_article,informational,1245,4,6,2,6,8,False,2025-03-15T18:24:34+00:00
https://www.littleflowercottage.com/plants-you-should-never-plant-with-coreopsis-tickseed/,13 Plants You Should Never Plant with Coreopsis (Tickseed),support_article,informational,1226,4,6,2,0,8,False,2025-04-01T15:58:26+00:00
https://www.littleflowercottage.com/7-reasons-for-a-leggy-zz-plant-and-how-to-fix-it/,7 Reasons for a Leggy ZZ Plant and How to Fix It,support_article,informational,1218,4,6,3,2,6,False,2024-12-29T20:49:18+00:00
https://www.littleflowercottage.com/easy-steps-to-prune-lavender/,7 Easy Steps to Prune Lavender,support_article,informational,1110,4,5,4,1,8,False,2024-06-30T14:55:36+00:00
https://www.littleflowercottage.com/plants-not-to-plant-with-campanula/,10+ Plants Not to Plant with Campanula (And What Works Instead),support_article,informational,1093,4,6,2,0,8,False,2025-04-07T10:44:14+00:00
https://www.littleflowercottage.com/creative-uses-for-lavender-in-your-garden/,10 Creative Uses for Lavender in Your Garden,support_article,informational,873,4,5,3,0,7,False,2024-06-08T17:23:47+00:00
https://www.littleflowercottage.com/how-to-make-your-spider-plant-bushy/,How to Make Your Spider Plant Bushy,pillar_guide,informational,3483,5,7,10,5,8,False,2026-02-08T15:28:40+00:00
https://www.littleflowercottage.com/14-reasons-why-your-monstera-plant-isnt-growing/,14 Reasons Why Your Monstera Plant isn’t Growing,pillar_guide,informational,3372,5,7,13,12,8,False,2025-05-03T08:15:04+00:00
https://www.littleflowercottage.com/reasons-your-christmas-cactus-is-limp-or-wilting/,9 Reasons Your Christmas Cactus Is Limp or Wilting,pillar_guide,informational,2976,5,6,8,3,8,False,2026-09-04T20:17:37+00:00
https://www.littleflowercottage.com/reasons-your-spider-plant-is-drooping-and-how-to-fix-it/,9 Reasons your Spider Plant is Drooping (and How to Fix it),pillar_guide,informational,2754,5,6,9,8,6,False,2026-06-06T12:52:21+00:00
https://www.littleflowercottage.com/reasons-your-christmas-cactus-wont-bloom-and-how-to-fix-it/,7 Reasons Your Christmas Cactus Won’t Bloom (And How to Fix It),pillar_guide,informational,2705,5,6,7,5,6,False,2026-08-30T12:59:23+00:00
https://www.littleflowercottage.com/how-to-make-a-snake-plant-bloom/,How to Make a Snake Plant Bloom: A Full Guide,pillar_guide,informational,2668,5,7,5,0,8,False,2026-01-29T14:39:34+00:00
https://www.littleflowercottage.com/signs-your-monstera-is-dying-and-how-to-save-it/,11 Clear Signs Your Monstera Is Dying (And How To Save It),pillar_guide,informational,2632,5,7,9,7,8,False,2025-04-23T10:17:02+00:00
https://www.littleflowercottage.com/how-to-get-a-christmas-cactus-to-bloom-for-the-holidays/,How to Get a Christmas Cactus to Bloom for the Holidays,pillar_guide,informational,2624,5,327,7,3,7,False,2026-09-05T20:50:26+00:00
https://www.littleflowercottage.com/how-to-propagate-a-christmas-cactus/,How to Propagate a Christmas Cactus: A Simple Guide,support_article,informational,2375,5,6,6,4,6,False,2026-09-01T12:27:16+00:00
https://www.littleflowercottage.com/7-signs-your-snake-plant-is-dying-and-how-to-save-it/,7 Signs Your Snake Plant is Dying (and How to Save it),support_article,informational,2372,5,5,3,5,6,False,2025-03-08T15:32:35+00:00
https://www.littleflowercottage.com/the-best-soil-mix-for-monstera-plants/,The Best Soil Mix for Monstera Plants,comparison_or_review,commercial,2170,5,7,5,2,7,False,2025-05-14T19:27:26+00:00
https://www.littleflowercottage.com/how-to-save-a-dying-peace-lily/,How to Save a Dying Peace Lily (A Step by Step Guide),support_article,informational,1680,5,7,7,6,6,False,2024-10-29T11:29:10+00:00
https://www.littleflowercottage.com/plants-not-to-plant-with-tulips/,12 Plants NOT to Plant with Tulips (And What to Plant Instead),support_article,informational,1641,5,6,2,2,8,False,2025-03-23T10:40:19+00:00
https://www.littleflowercottage.com/how-to-propagate-a-spider-plant-a-step-by-step-guide/,How to Propagate a Spider Plant: A Step-by-Step Guide,support_article,informational,1482,5,6,0,1,7,False,2024-09-13T16:13:47+00:00
https://www.littleflowercottage.com/13-reasons-your-pothos-is-turning-brown-and-how-to-fix-it/,13 Reasons your Pothos is Turning Brown (and How to Fix it),support_article,informational,1463,5,7,3,5,8,False,2025-01-09T18:01:47+00:00
https://www.littleflowercottage.com/7-signs-of-root-rot-in-pothos-with-causes-how-to-fix-more/,"7 Signs of Root Rot In Pothos (with Causes, How To Fix & More)",support_article,informational,1457,5,7,3,3,7,False,2025-01-17T18:30:32+00:00
https://www.littleflowercottage.com/10-signs-your-pothos-is-root-bound-and-how-to-fix-it/,10 Signs Your Pothos Is Root-Bound and How to Fix It,support_article,informational,1398,5,7,2,2,8,False,2025-01-18T17:21:48+00:00
https://www.littleflowercottage.com/15-tips-to-help-your-pothos-plant-climb-like-a-pro/,15 Tips to Help Your Pothos Plant Climb Like a Pro,support_article,informational,1346,5,7,2,1,8,False,2025-01-13T15:58:37+00:00
https://www.littleflowercottage.com/how-to-propagate-pothos-plants-a-step-by-step-guide/,How to Propagate Pothos Plants: A Step by Step Guide,support_article,informational,1302,5,7,0,6,7,False,2025-01-17T16:57:10+00:00
https://www.littleflowercottage.com/11-plants-not-to-plant-with-verbena-and-why/,11 Plants Not to Plant With Verbena (and Why),support_article,informational,1295,5,7,2,1,4,False,2025-01-26T11:46:38+00:00
https://www.littleflowercottage.com/how-to-revive-a-dying-succulent-6-tips-you-need-to-know/,How to Revive a Dying Succulent: 6 Tips You Need to Know,support_article,informational,1132,5,7,0,0,8,False,2024-09-07T14:44:15+00:00
https://www.littleflowercottage.com/10-surprising-benefits-of-growing-the-zz-plant/,10 Surprising Benefits of Growing the ZZ Plant,support_article,informational,1113,5,6,0,1,7,False,2024-12-11T14:53:45+00:00
https://www.littleflowercottage.com/companion-plants-for-mustard/,10 Companion Plants for Mustard (that are Easy to Grow),support_article,informational,989,5,7,3,1,5,False,2024-07-24T14:54:59+00:00
https://www.littleflowercottage.com/easy-steps-to-grow-lavender/,9 Easy Steps to Grow Lavender: A Step By Step Guide,pillar_guide,informational,3333,6,7,4,5,8,False,2024-06-19T13:33:54+00:00
https://www.littleflowercottage.com/rescue-your-monstera-from-root-rot-in-7-steps/,Rescue Your Monstera from Root Rot in 7 Steps,pillar_guide,informational,2551,6,8,10,3,8,False,2026-03-20T18:28:49+00:00
https://www.littleflowercottage.com/12-reasons-your-pothos-plant-leaves-are-turning-yellow-and-how-to-fix-it/,12 Reasons your Pothos Plant Leaves are Turning Yellow (and How to Fix it),support_article,informational,2396,6,7,8,6,8,False,2025-01-06T17:10:21+00:00
https://www.littleflowercottage.com/ways-to-save-a-dying-monstera-plant/,9 Ways to Save a Dying Monstera Plant (When You’ve Tried Everything Else),support_article,informational,2325,6,7,7,4,7,False,2025-04-24T10:35:03+00:00
https://www.littleflowercottage.com/9-reasons-your-snake-plant-leaves-are-curling/,9 Reasons Your Snake Plant Leaves Are Curling,support_article,informational,2280,6,8,2,6,6,False,2025-03-07T15:44:27+00:00
https://www.littleflowercottage.com/how-to-clean-monstera-leaves-a-simple-to-follow-guide/,How to Clean Monstera Leaves: A Simple to Follow Guide,support_article,informational,2227,6,8,4,0,8,False,2025-06-04T11:17:12+00:00
https://www.littleflowercottage.com/9-practical-tips-to-save-a-dying-orchid/,9 Practical Tips to Save a Dying Orchid,support_article,informational,2222,6,8,11,11,8,False,2024-07-04T20:49:43+00:00
https://www.littleflowercottage.com/how-to-propagate-a-snake-plant-the-ultimate-guide/,How to Propagate a Snake Plant: The Ultimate Guide,pillar_guide,informational,1910,6,8,0,3,7,False,2025-03-07T15:27:23+00:00
https://www.littleflowercottage.com/7-ways-to-make-an-orchid-grow-a-new-spike/,7 Ways to Make an Orchid Grow a New Spike,support_article,informational,1744,6,8,9,2,8,False,2023-08-03T10:20:33+00:00
https://www.littleflowercottage.com/10-reasons-your-zz-plant-isnt-growing-and-how-to-fix-it/,10 Reasons Your ZZ Plant Isn’t Growing and How to Fix It,support_article,informational,1569,6,7,8,4,7,False,2024-12-11T16:37:25+00:00
https://www.littleflowercottage.com/7-reasons-your-peace-lily-is-leaning/,7 Reasons Your Peace Lily Is Leaning,support_article,informational,1565,6,7,7,1,7,False,2026-04-11T19:03:09+00:00
https://www.littleflowercottage.com/how-to-prune-a-peace-lily-a-step-by-step-guide/,How to Prune a Peace Lily: A Step By Step Guide,support_article,informational,1559,6,8,11,1,7,False,2024-12-07T14:56:39+00:00
https://www.littleflowercottage.com/how-to-get-rid-of-common-pests-on-your-peace-lily/,How to Get Rid of Common Pests on your Peace Lily,support_article,informational,1462,6,8,0,3,7,False,2024-10-31T22:07:20+00:00
https://www.littleflowercottage.com/pothos-climbing-ideas/,Creative and Easy Pothos Climbing Ideas,support_article,informational,1426,6,8,4,4,7,False,2025-01-21T16:58:59+00:00
https://www.littleflowercottage.com/10-signs-your-zz-plant-is-dying-and-how-to-save-it/,10 Signs Your ZZ Plant Is Dying (And How to Save It),support_article,informational,1402,6,8,3,4,6,False,2024-12-10T21:58:28+00:00
https://www.littleflowercottage.com/how-to-propagate-zz-plant-a-step-by-step-guide/,How to Propagate ZZ Plant: A Step-by-Step Guide,support_article,informational,1388,6,8,5,4,7,False,2024-12-31T12:23:35+00:00
https://www.littleflowercottage.com/how-to-propagate-pothos-in-water/,How to Propagate Pothos in Water: A Simple Step by Step Guide,support_article,informational,1358,6,8,3,5,7,False,2025-01-19T14:14:07+00:00
https://www.littleflowercottage.com/how-to-propagate-a-zz-plant-in-water/,How to Propagate a ZZ Plant in Water,support_article,informational,1321,6,7,4,3,8,False,2024-12-12T14:44:08+00:00
https://www.littleflowercottage.com/reasons-why-the-flowers-are-falling-off-your-orchid/,7 Reasons Why the Flowers are Falling Off your Orchid,support_article,informational,1221,6,8,7,0,8,False,2023-08-03T10:19:47+00:00
https://www.littleflowercottage.com/how-to-get-rid-of-bugs-on-pothos-plants/,How To Get Rid Of Bugs on Pothos Plants: A Simple Guide,support_article,informational,1203,6,7,2,2,8,False,2025-01-19T18:42:21+00:00
https://www.littleflowercottage.com/christmas-cactus-care-guide/,Christmas Cactus Care Guide: Blooms Year After Year,pillar_guide,informational,3235,7,7,7,1,8,False,2026-08-30T13:04:29+00:00
https://www.littleflowercottage.com/12-reasons-your-monstera-plant-has-brown-spots/,12 Reasons Your Monstera Plant Has Brown Spots,pillar_guide,informational,2709,7,9,9,3,8,False,2025-05-05T08:42:41+00:00
https://www.littleflowercottage.com/8-reasons-why-your-orchid-wont-bloom/,8 Reasons Why Your Orchid Won’t Bloom,pillar_guide,informational,2686,7,9,7,5,8,False,2026-01-26T21:56:36+00:00
https://www.littleflowercottage.com/how-much-water-does-a-monstera-need/,How Much Water Does a Monstera Need,support_article,informational,2312,7,8,10,4,8,False,2025-10-15T15:29:43+00:00
https://www.littleflowercottage.com/15-reasons-your-orchid-leaves-are-drooping-with-fixes/,15 Reasons your Orchid Leaves are Drooping (with Fixes),support_article,informational,2296,7,7,10,7,8,False,2024-11-16T21:32:52+00:00
https://www.littleflowercottage.com/best-fertilizer-to-make-your-peace-lily-bloom/,Best Fertilizer to Make Your Peace Lily Bloom,comparison_or_review,commercial,2101,7,9,4,1,7,False,2025-12-29T18:23:40+00:00
https://www.littleflowercottage.com/9-reasons-your-snake-plant-leaves-are-turning-yellow/,9 Reasons Your Snake Plant Leaves Are Turning Yellow,support_article,informational,2077,7,9,5,5,6,False,2025-03-07T17:08:40+00:00
https://www.littleflowercottage.com/how-to-propagate-orchids-a-simple-step-by-step-guide/,How to Propagate Orchids: A Simple Step-by-Step Guide,support_article,informational,1915,7,9,6,3,8,False,2024-09-05T16:08:12+00:00
https://www.littleflowercottage.com/10-tips-to-care-for-your-orchids-the-right-way/,10 Tips to Care for your Orchids the Right Way,support_article,informational,1584,7,8,7,5,8,False,2024-07-05T17:26:08+00:00
https://www.littleflowercottage.com/7-ways-to-make-your-peace-lily-bloom-again/,7 Ways to Make Your Peace Lily Bloom Again,support_article,informational,1307,7,9,8,2,3,False,2024-09-07T16:46:54+00:00
https://www.littleflowercottage.com/9-reasons-your-spider-plant-isnt-producing-babies-and-what-to-do/,9 Reasons Your Spider Plant Isn’t Producing Babies (And What to Do),support_article,informational,1302,7,8,2,2,5,False,2024-09-19T19:07:58+00:00
https://www.littleflowercottage.com/zz-plant-watering-guide-when-to-how-much-how-often-and-more/,"ZZ Plant Watering Guide: When to, How Much, How Often, and More",support_article,informational,1266,7,8,7,1,8,False,2024-12-12T13:48:40+00:00
https://www.littleflowercottage.com/7-reasons-why-your-zz-plant-leaves-are-turning-yellow-and-how-to-fix-them/,7 Reasons Why Your ZZ Plant Leaves Are Turning Yellow (And How to Fix Them),support_article,informational,1262,7,9,2,4,8,False,2024-12-10T17:43:44+00:00
https://www.littleflowercottage.com/the-best-time-to-prune-lavender/,The Best Time to Prune Lavender: An Easy Guide,comparison_or_review,commercial,1204,7,8,0,0,8,False,2024-06-20T19:10:13+00:00
https://www.littleflowercottage.com/how-to-grow-pothos-bushy-and-long/,How to Grow Pothos Bushy and Long,pillar_guide,informational,2819,8,10,9,2,8,False,2025-12-26T16:48:50+00:00
https://www.littleflowercottage.com/15-reasons-why-your-pothos-is-leggy-and-how-to-fix-it/,15 Reasons Why Your Pothos is Leggy (And How to Fix It),pillar_guide,informational,2521,8,10,10,1,7,False,2026-01-23T21:22:55+00:00
https://www.littleflowercottage.com/15-tips-to-make-your-zz-plant-grow-faster-and-healthier/,15 Tips to Make Your ZZ Plant Grow Faster and Healthier,support_article,informational,2280,8,8,7,2,8,False,2024-12-13T20:01:37+00:00
https://www.littleflowercottage.com/8-ways-to-save-a-dying-snake-plant/,8 Ways to Save a Dying Snake Plant,support_article,informational,2206,8,8,6,3,6,False,2025-03-08T16:51:41+00:00
https://www.littleflowercottage.com/how-to-get-big-holes-in-your-monstera-leaves/,How to Get Big Holes and Splits in Your Monstera Leaves,support_article,informational,2127,8,9,5,1,8,False,2025-06-05T08:23:52+00:00
https://www.littleflowercottage.com/zz-plant-care-the-ultimate-guide-to-thriving-with-the-easiest-houseplant/,ZZ Plant Care: The Ultimate Guide to Thriving with the Easiest Houseplant,pillar_guide,informational,1599,8,10,2,3,8,False,2024-12-09T14:45:43+00:00
https://www.littleflowercottage.com/how-to-make-an-orchid-rebloom/,How to Make an Orchid Rebloom: A Quick Guide,support_article,informational,1433,8,10,9,2,7,False,2023-10-15T10:14:42+00:00
https://www.littleflowercottage.com/3-main-reasons-your-spider-plant-isnt-growing-and-the-fixes/,3 Main Reasons your Spider Plant isn’t Growing (And the Fixes),support_article,informational,1337,8,9,0,2,8,False,2024-10-09T17:39:17+00:00
https://www.littleflowercottage.com/lighting-requirements-guide-for-pothos-plant/,Lighting Requirements Guide for Pothos Plant,support_article,informational,978,8,10,2,1,8,False,2025-01-19T15:09:46+00:00
https://www.littleflowercottage.com/9-reasons-your-snake-plant-isnt-growing/,9 Reasons Your Snake Plant Isn’t Growing,support_article,informational,1968,9,9,3,1,5,False,2025-03-08T18:31:44+00:00
https://www.littleflowercottage.com/9-reasons-your-pothos-plant-has-brown-leaves-and-how-to-save-them/,9 Reasons Your Pothos Plant Has Brown Leaves (and How to Save Them),support_article,informational,1636,9,11,2,2,6,False,2025-01-16T19:26:39+00:00
https://www.littleflowercottage.com/9-reasons-your-spider-plant-has-brown-tips-and-how-to-fix-them/,9 Reasons Your Spider Plant Has Brown Tips (And How to Fix Them),support_article,informational,1533,9,10,4,4,8,False,2024-09-22T16:47:40+00:00
https://www.littleflowercottage.com/pothos-plant-care-guide/,An Easy to Follow Pothos Plant Care Guide,support_article,informational,1421,9,11,3,5,7,False,2025-01-07T17:01:46+00:00
https://www.littleflowercottage.com/11-reasons-your-peace-lily-leaves-are-curling-with-fixes/,11 Reasons Your Peace Lily Leaves Are Curling (With Fixes),support_article,informational,1405,9,10,0,5,8,False,2024-12-07T16:58:52+00:00
https://www.littleflowercottage.com/8-reasons-your-peace-lily-leaves-are-turning-brown-with-fixes/,8 Reasons Your Peace Lily Leaves Are Turning Brown (With Fixes),support_article,informational,1299,9,10,0,7,7,False,2024-12-05T17:01:17+00:00
https://www.littleflowercottage.com/10-reasons-your-spider-plant-is-turning-yellow-and-how-to-fix-it/,10 Reasons Your Spider Plant is Turning Yellow (and How to Fix It),support_article,informational,1274,9,10,6,4,8,False,2024-10-09T10:27:01+00:00
https://www.littleflowercottage.com/the-best-monstera-plant-support-ideas/,The Best Monstera Plant Support Ideas,comparison_or_review,commercial,2742,10,12,4,5,8,False,2025-05-17T09:54:13+00:00
https://www.littleflowercottage.com/7-reasons-your-monstera-is-drooping/,7 Reasons Your Monstera is Drooping (and How to Fix it),pillar_guide,informational,2651,10,11,8,4,8,False,2025-05-08T17:26:18+00:00
https://www.littleflowercottage.com/10-tips-to-train-monstera-to-climb-and-make-it-look-good/,10 Tips to Train Monstera to Climb (And Make It Look Good),support_article,informational,2066,10,12,7,2,8,False,2025-10-15T15:50:46+00:00
https://www.littleflowercottage.com/9-ways-to-make-a-monstera-plant-bushy/,9 Ways to Make a Monstera Plant Bushy,support_article,informational,1756,10,12,0,0,7,False,2025-10-15T14:44:13+00:00
https://www.littleflowercottage.com/8-reasons-your-peace-lily-is-drooping-and-how-to-revive-it/,8 Reasons Your Peace Lily Is Drooping (And How to Revive It),support_article,informational,1651,10,11,9,8,8,False,2024-12-07T16:57:47+00:00
https://www.littleflowercottage.com/7-reasons-why-your-peace-lily-is-not-flowering/,7 Reasons Why Your Peace Lily Is Not Flowering,support_article,informational,1484,10,12,0,1,8,False,2024-10-15T16:00:11+00:00
https://www.littleflowercottage.com/why-is-my-monstera-not-growing-12-reasons-and-how-to-fix-it/,Why is My Monstera Not Growing? 12 Reasons and How to Fix it,pillar_guide,informational,2542,11,13,7,1,8,False,2025-06-08T10:18:56+00:00
https://www.littleflowercottage.com/pothos-plant-watering-guide-when-to-how-to-more/,"Pothos Plant Watering Guide (When to, How To & More)",support_article,informational,2243,11,14,4,2,8,False,2025-01-18T13:47:22+00:00
https://www.littleflowercottage.com/spider-plant-care-guide/,Spider Plant Care Guide: Tips to Get Thriving Plants,support_article,informational,1460,11,13,9,8,7,False,2024-09-15T19:42:59+00:00
https://www.littleflowercottage.com/reasons-your-orchid-is-wilting/,7 Reasons Your Orchid is Wilting (and How to Solve it),support_article,informational,1385,11,13,6,3,8,False,2024-07-16T20:04:51+00:00
https://www.littleflowercottage.com/spider-plant-root-rot-causes-signs-how-to-save/,"Spider Plant Root Rot: Causes, Signs & How to Save",support_article,informational,1583,12,14,0,2,8,False,2024-10-10T13:24:02+00:00
https://www.littleflowercottage.com/spider-plants-watering-guide-how-to-how-often-when-more/,"Spider Plants Watering Guide: How to, How Often, When & More",support_article,informational,1526,12,14,2,3,6,False,2024-10-10T14:56:08+00:00
https://www.littleflowercottage.com/10-reasons-your-peace-lily-leaves-are-turning-yellow-with-fixes/,10 Reasons Your Peace Lily Leaves Are Turning Yellow (With Fixes),support_article,informational,1348,12,14,8,9,7,False,2024-12-04T18:13:59+00:00
https://www.littleflowercottage.com/7-common-orchid-pests-and-how-to-get-rid-of-them/,7 Common Orchid Pests and How to Get Rid of Them,support_article,informational,1221,13,15,0,3,8,False,2024-08-31T14:20:46+00:00
https://www.littleflowercottage.com/monstera-watering-guide/,"Monstera Watering Guide: When To, How To, and More",pillar_guide,informational,2542,14,15,4,3,8,False,2025-05-10T15:48:17+00:00
https://www.littleflowercottage.com/7-surprising-reasons-your-monstera-leaves-are-turning-yellow/,7 Surprising Reasons Your Monstera Leaves are Turning Yellow,support_article,informational,1799,15,15,3,4,8,False,2025-05-03T16:34:12+00:00
https://www.littleflowercottage.com/monstera-plant-lighting-requirements-guide/,Monstera Plant Lighting Requirements Guide,pillar_guide,informational,2550,16,18,0,4,8,False,2025-05-15T17:05:44+00:00
https://www.littleflowercottage.com/peace-lily-care-guide-tips-to-get-thriving-plants/,Peace Lily Care Guide: Tips to Get Thriving Plants,support_article,informational,1483,17,18,7,1,6,False,2024-11-02T14:41:59+00:00
https://www.littleflowercottage.com/peace-lily-watering-guide-how-to-how-often-when-more/,"Peace Lily Watering Guide: How to, How Often, When & More",support_article,informational,1177,17,18,6,2,6,False,2024-11-03T16:29:08+00:00
https://www.littleflowercottage.com/monstera-care-guide-easy-tips-for-growing-monstera/,Monstera Care Guide: Easy Tips for Growing Monstera,pillar_guide,informational,4675,18,19,15,6,8,False,2025-05-01T10:44:27+00:00
https://www.littleflowercottage.com/7-mistakes-youre-making-with-your-orchids-and-how-to-fix-them/,7 Mistakes You’re Making with Your Orchids (And How to Fix Them),support_article,informational,2100,18,19,5,1,7,False,2024-09-02T10:26:52+00:00
https://www.littleflowercottage.com/how-to-repot-an-orchid/,How to Repot an Orchid: A Simple Guide (with Easy Steps),support_article,informational,1262,18,19,6,2,6,False,2024-07-16T19:37:49+00:00
https://www.littleflowercottage.com/watering-an-orchid-guide/,"Watering an Orchid: How to, When to and How Often",support_article,informational,1388,19,21,3,0,7,False,2023-08-03T10:14:35+00:00
https://www.littleflowercottage.com/12-reasons-your-orchid-leaves-are-turning-yellow-and-how-to-fix-them/,12 Reasons your Orchid Leaves are Turning Yellow (and How to Fix Them),support_article,informational,1776,20,21,7,5,6,False,2024-11-16T18:57:19+00:00
https://www.littleflowercottage.com/how-to-make-your-orchid-bloom-all-year-long/,How to Make Your Orchid Bloom All Year Long,support_article,informational,1409,27,29,1,0,7,False,2024-09-02T09:59:42+00:00
