status,url,title,type,ctx_in,total_in,word_count,suggested_in,recommended_sources
no contextual links,https://www.littleflowercottage.com/what-to-plant-in-fall/,What to Plant in Fall (And Why It’s Worth It),pillar_guide,0,2,4577,10,https://www.littleflowercottage.com/spring-gardening-checklist/ | https://www.littleflowercottage.com/how-to-plan-a-flower-bed-from-scratch/ | https://www.littleflowercottage.com/best-cottage-garden-flowers/ | https://www.littleflowercottage.com/growing-and-caring-for-tulips/ | https://www.littleflowercottage.com/10-best-plants-to-plant-with-tulips/ | https://www.littleflowercottage.com/easiest-flowers-for-beginners-to-grow/
no contextual links,https://www.littleflowercottage.com/spring-gardening-checklist/,Spring Gardening Checklist: What to Do First,pillar_guide,0,2,4446,19,https://www.littleflowercottage.com/what-to-plant-in-fall/ | https://www.littleflowercottage.com/how-to-plan-a-flower-bed-from-scratch/ | https://www.littleflowercottage.com/growing-dahlias-a-beginners-complete-guide/ | https://www.littleflowercottage.com/how-to-propagate-zinnias-an-easy-step-by-step-guide/ | https://www.littleflowercottage.com/how-to-grow-malope/ | https://www.littleflowercottage.com/easy-steps-to-grow-lavender/
no contextual links,https://www.littleflowercottage.com/growing-dahlias-a-beginners-complete-guide/,Growing Dahlias: A Beginner’s Complete Guide,pillar_guide,0,2,4420,23,https://www.littleflowercottage.com/plants-not-to-plant-with-hydrangeas/ | https://www.littleflowercottage.com/spring-gardening-checklist/ | https://www.littleflowercottage.com/easiest-flowers-for-beginners-to-grow/ | https://www.littleflowercottage.com/how-to-prune-an-orchid/ | https://www.littleflowercottage.com/best-cottage-garden-flowers/ | https://www.littleflowercottage.com/what-to-plant-in-fall/
no contextual links,https://www.littleflowercottage.com/tips-to-make-your-spider-plant-grow-faster/,9 Tips to Make Your Spider Plant Grow Faster,pillar_guide,0,2,4225,57,https://www.littleflowercottage.com/tips-to-make-your-peace-lily-grow-faster/ | https://www.littleflowercottage.com/how-to-prune-a-spider-plant/ | https://www.littleflowercottage.com/how-to-make-your-spider-plant-bushy/ | https://www.littleflowercottage.com/how-to-get-long-trailing-spider-plant-babies/ | https://www.littleflowercottage.com/reasons-your-spider-plant-leaves-are-curling/ | https://www.littleflowercottage.com/how-to-prune-a-snake-plant/
no contextual links,https://www.littleflowercottage.com/how-to-make-a-zz-plant-bushier/,How to Make a ZZ Plant Bushier,pillar_guide,0,2,3918,40,https://www.littleflowercottage.com/15-tips-to-make-your-zz-plant-grow-faster-and-healthier/ | https://www.littleflowercottage.com/zz-plant-care-the-ultimate-guide-to-thriving-with-the-easiest-houseplant/ | https://www.littleflowercottage.com/how-to-prune-a-snake-plant/ | https://www.littleflowercottage.com/7-reasons-for-a-leggy-zz-plant-and-how-to-fix-it/ | https://www.littleflowercottage.com/how-to-prune-a-spider-plant/ | https://www.littleflowercottage.com/how-to-propagate-zz-plant-a-step-by-step-guide/
no contextual links,https://www.littleflowercottage.com/best-houseplants-to-transform-your-home-into-a-jungle/,15 Best Houseplants to Transform Your Home Into a Jungle,comparison_or_review,0,2,2935,20,https://www.littleflowercottage.com/monstera-care-guide-easy-tips-for-growing-monstera/ | https://www.littleflowercottage.com/best-monstera-plants-for-beginners-which-swiss-cheese-plant-is-right-for-you/ | https://www.littleflowercottage.com/understanding-plant-light-what-bright-indirect-means/ | https://www.littleflowercottage.com/monstera-plant-lighting-requirements-guide/ | https://www.littleflowercottage.com/the-best-flowers-for-fathers-day-the-ultimate-guide-to-breaking-tradition/ | https://www.littleflowercottage.com/top-10-easiest-houseplants-for-beginners/
no contextual links,https://www.littleflowercottage.com/signs-your-orchid-needs-repotting-and-what-to-do/,7 Signs your Orchid Needs Repotting (and What to Do),pillar_guide,0,2,2782,30,https://www.littleflowercottage.com/reasons-your-orchid-leaves-are-wrinkled-with-fixes/ | https://www.littleflowercottage.com/7-mistakes-youre-making-with-your-orchids-and-how-to-fix-them/ | https://www.littleflowercottage.com/how-to-repot-an-orchid/ | https://www.littleflowercottage.com/tips-for-growing-orchids-indoors/ | https://www.littleflowercottage.com/tips-for-caring-for-an-orchid-indoors/ | https://www.littleflowercottage.com/8-reasons-why-your-orchid-wont-bloom/
no contextual links,https://www.littleflowercottage.com/15-best-plants-for-bathrooms-with-windows/,15 Best Plants for Bathrooms With Windows,comparison_or_review,0,2,2474,25,https://www.littleflowercottage.com/best-plants-for-a-bathroom-without-windows/ | https://www.littleflowercottage.com/15-best-indoor-plants-for-bedrooms/ | https://www.littleflowercottage.com/best-plants-for-the-top-of-a-cabinet/ | https://www.littleflowercottage.com/7-easy-houseplants-for-beginners-that-wont-die-on-you/ | https://www.littleflowercottage.com/30-best-houseplants-for-your-mental-health/ | https://www.littleflowercottage.com/10-houseplants-even-beginners-cant-kill/
no contextual links,https://www.littleflowercottage.com/11-plants-not-to-plant-with-sunflowers-and-what-is-better/,11+ Plants Not to Plant with Sunflowers (And What is Better),support_article,0,2,1911,18,https://www.littleflowercottage.com/10-plants-not-to-grow-with-basil/ | https://www.littleflowercottage.com/how-to-grow-sunflowers/ | https://www.littleflowercottage.com/plants-not-to-plant-with-amaranth/ | https://www.littleflowercottage.com/10-plants-to-never-grow-next-to-roses/ | https://www.littleflowercottage.com/plants-you-should-never-plant-with-stock/ | https://www.littleflowercottage.com/11-plants-not-to-plant-with-amaranthus/
no contextual links,https://www.littleflowercottage.com/10-plants-not-to-plant-with-dianthus/,10 Plants NOT to Plant With Dianthus,support_article,0,2,1900,14,https://www.littleflowercottage.com/6-plants-not-to-plant-with-zinnias/ | https://www.littleflowercottage.com/plants-not-to-plant-with-hydrangeas/ | https://www.littleflowercottage.com/plants-not-to-plant-with-azaleas/ | https://www.littleflowercottage.com/plants-not-to-plant-with-coneflowers/ | https://www.littleflowercottage.com/plants-not-to-plant-with-dahlias/ | https://www.littleflowercottage.com/plants-not-to-plant-with-foxglove/
no contextual links,https://www.littleflowercottage.com/best-plants-for-the-top-of-a-cabinet/,15 Best Plants for the Top of a Cabinet,comparison_or_review,0,2,1803,20,https://www.littleflowercottage.com/15-best-plants-for-bathrooms-with-windows/ | https://www.littleflowercottage.com/20-low-maintenance-houseplants-for-any-home/ | https://www.littleflowercottage.com/10-houseplants-even-beginners-cant-kill/ | https://www.littleflowercottage.com/top-10-easiest-houseplants-for-beginners/ | https://www.littleflowercottage.com/15-best-indoor-plants-for-bedrooms/ | https://www.littleflowercottage.com/best-plants-for-a-bathroom-without-windows/
no contextual links,https://www.littleflowercottage.com/how-to-grow-star-of-the-veldt/,How to Grow Star of the Veldt (Dimorphotheca),support_article,0,2,1787,26,https://www.littleflowercottage.com/easy-steps-to-grow-lavender/ | https://www.littleflowercottage.com/how-to-propagate-zinnias-an-easy-step-by-step-guide/ | https://www.littleflowercottage.com/how-to-grow-ursinia/ | https://www.littleflowercottage.com/spring-gardening-checklist/ | https://www.littleflowercottage.com/how-to-grow-malope/ | https://www.littleflowercottage.com/how-to-grow-mignonette/
no contextual links,https://www.littleflowercottage.com/plants-you-should-never-plant-with-geraniums/,13 Plants You Should NEVER Plant with Geraniums,support_article,0,2,1707,31,https://www.littleflowercottage.com/plants-not-to-plant-with-impatiens/ | https://www.littleflowercottage.com/plants-not-to-plant-with-pansies/ | https://www.littleflowercottage.com/what-not-to-plant-with-nasturtiums-13-plants-to-avoid/ | https://www.littleflowercottage.com/plants-you-should-never-plant-with-poppies/ | https://www.littleflowercottage.com/plants-not-to-plant-with-hibiscus/ | https://www.littleflowercottage.com/plants-you-should-never-plant-with-marigolds/
no contextual links,https://www.littleflowercottage.com/best-plants-for-miniature-gardens/,25+ Best Plants for Miniature Gardens,comparison_or_review,0,2,1657,5,https://www.littleflowercottage.com/flowers-that-look-like-bluebells/ | https://www.littleflowercottage.com/15-fantastic-plants-to-grow-in-hanging-baskets-for-stunning-outdoor-displays/ | https://www.littleflowercottage.com/15-perfect-flowers-for-small-balcony-gardens-to-brighten-your-space/ | https://www.littleflowercottage.com/creative-uses-for-lavender-in-your-garden/ | https://www.littleflowercottage.com/the-best-flowers-for-fathers-day-the-ultimate-guide-to-breaking-tradition/
no contextual links,https://www.littleflowercottage.com/plants-not-to-plant-with-lilies/,12 Plants NOT to Plant with Lilies (and Why),support_article,0,2,1629,41,https://www.littleflowercottage.com/plants-not-to-plant-with-ranunculus-and-why/ | https://www.littleflowercottage.com/plants-not-to-plant-with-tulips/ | https://www.littleflowercottage.com/plants-you-should-never-plant-with-poppies/ | https://www.littleflowercottage.com/plants-you-should-never-plant-with-lilacs/ | https://www.littleflowercottage.com/plants-not-to-plant-with-hollyhock/ | https://www.littleflowercottage.com/plants-not-to-plant-with-roses/
no contextual links,https://www.littleflowercottage.com/15-best-indoor-plants-for-bedrooms/,15 Best Indoor Plants for Bedrooms,comparison_or_review,0,2,1601,14,https://www.littleflowercottage.com/30-best-houseplants-for-your-mental-health/ | https://www.littleflowercottage.com/20-low-maintenance-houseplants-for-any-home/ | https://www.littleflowercottage.com/15-best-plants-for-bathrooms-with-windows/ | https://www.littleflowercottage.com/best-plants-for-the-top-of-a-cabinet/ | https://www.littleflowercottage.com/7-easy-houseplants-for-beginners-that-wont-die-on-you/ | https://www.littleflowercottage.com/top-10-easiest-houseplants-for-beginners/
no contextual links,https://www.littleflowercottage.com/top-10-easiest-houseplants-for-beginners/,Top 10 Easiest Houseplants for Beginners,comparison_or_review,0,2,1547,14,https://www.littleflowercottage.com/10-houseplants-even-beginners-cant-kill/ | https://www.littleflowercottage.com/20-low-maintenance-houseplants-for-any-home/ | https://www.littleflowercottage.com/15-best-indoor-plants-for-bedrooms/ | https://www.littleflowercottage.com/30-best-houseplants-for-your-mental-health/ | https://www.littleflowercottage.com/plants-you-can-grow-without-sunlight/ | https://www.littleflowercottage.com/how-to-water-houseplants/
no contextual links,https://www.littleflowercottage.com/plants-not-to-plant-with-gypsophila-babys-breath/,13 Plants Not to Plant with Gypsophila (Baby’s Breath),support_article,0,2,1490,26,https://www.littleflowercottage.com/plants-not-to-plant-with-rhododendrons/ | https://www.littleflowercottage.com/plants-you-should-never-plant-with-hypericum/ | https://www.littleflowercottage.com/plants-not-to-plant-with-camellia/ | https://www.littleflowercottage.com/plants-you-should-never-plant-with-gardenia/ | https://www.littleflowercottage.com/plants-you-should-never-plant-with-begonias/ | https://www.littleflowercottage.com/plants-not-to-plant-with-brunia-and-why/
no contextual links,https://www.littleflowercottage.com/plants-you-should-never-plant-with-lobelia/,13 Plants NOT to Plant With Lobelia (And What Works Instead),support_article,0,2,1472,24,https://www.littleflowercottage.com/plants-you-should-never-plant-with-coreopsis-tickseed/ | https://www.littleflowercottage.com/plants-not-to-plant-with-black-eyed-susan-rudbeckia/ | https://www.littleflowercottage.com/plants-not-to-plant-with-gypsophila-babys-breath/ | https://www.littleflowercottage.com/plants-not-to-plant-with-catmint/ | https://www.littleflowercottage.com/plants-you-should-not-plant-with-liatris/ | https://www.littleflowercottage.com/plants-you-should-never-plant-with-your-buddleia/
no contextual links,https://www.littleflowercottage.com/plants-not-to-plant-with-morning-glory/,13 Plants NOT to Plant with Morning Glory,support_article,0,2,1457,14,https://www.littleflowercottage.com/plants-not-to-plant-with-gladiolus/ | https://www.littleflowercottage.com/plants-not-to-plant-with-cornflower/ | https://www.littleflowercottage.com/plants-not-to-plant-with-petunias/ | https://www.littleflowercottage.com/11-plants-not-to-plant-with-sunflowers-and-what-is-better/ | https://www.littleflowercottage.com/plants-not-to-plant-with-nigella/ | https://www.littleflowercottage.com/plants-not-to-plant-with-ranunculus-and-why/
no contextual links,https://www.littleflowercottage.com/7-easy-houseplants-for-beginners-that-wont-die-on-you/,7 Easy Houseplants for Beginners That Won’t Die on You,support_article,0,2,1445,13,https://www.littleflowercottage.com/15-best-plants-for-bathrooms-with-windows/ | https://www.littleflowercottage.com/15-best-indoor-plants-for-bedrooms/ | https://www.littleflowercottage.com/30-best-houseplants-for-your-mental-health/ | https://www.littleflowercottage.com/10-houseplants-even-beginners-cant-kill/ | https://www.littleflowercottage.com/15-tips-to-make-your-zz-plant-grow-faster-and-healthier/ | https://www.littleflowercottage.com/zz-plant-care-the-ultimate-guide-to-thriving-with-the-easiest-houseplant/
no contextual links,https://www.littleflowercottage.com/20-low-maintenance-houseplants-for-any-home/,20+ Low Maintenance Houseplants for Any Home,support_article,0,2,1396,13,https://www.littleflowercottage.com/15-best-indoor-plants-for-bedrooms/ | https://www.littleflowercottage.com/top-10-easiest-houseplants-for-beginners/ | https://www.littleflowercottage.com/10-houseplants-even-beginners-cant-kill/ | https://www.littleflowercottage.com/30-best-houseplants-for-your-mental-health/ | https://www.littleflowercottage.com/best-plants-for-a-bathroom-without-windows/ | https://www.littleflowercottage.com/best-plants-for-the-top-of-a-cabinet/
no contextual links,https://www.littleflowercottage.com/lemon-trees-in-pots/,"Lemon Trees in Pots: Can you Grow Them? If so, How?",support_article,0,1,1393,0,
no contextual links,https://www.littleflowercottage.com/plants-not-to-plant-with-celosia/,10+ Plants NOT to Plant with Celosia,support_article,0,2,1364,11,https://www.littleflowercottage.com/plants-not-to-plant-with-lisianthus/ | https://www.littleflowercottage.com/plants-not-to-plant-with-eryngium-sea-holly/ | https://www.littleflowercottage.com/plants-not-to-plant-with-scabiosa-pincushion-flower/ | https://www.littleflowercottage.com/plants-not-to-plant-with-dusty-miller/ | https://www.littleflowercottage.com/plants-you-should-never-plant-with-begonias/ | https://www.littleflowercottage.com/plants-not-to-plant-with-alstroemeria/
no contextual links,https://www.littleflowercottage.com/plants-you-should-never-plant-with-begonias/,10 Plants You Should Never Plant With Begonias,support_article,0,2,1362,39,https://www.littleflowercottage.com/13-plants-not-to-plant-with-fuchsia-and-why/ | https://www.littleflowercottage.com/plants-you-should-never-plant-with-your-buddleia/ | https://www.littleflowercottage.com/13-plants-you-should-never-plant-with-snapdragons-and-what-to-plant-instead/ | https://www.littleflowercottage.com/13-plants-not-to-plant-with-anemone/ | https://www.littleflowercottage.com/plants-you-should-never-plant-with-gardenia/ | https://www.littleflowercottage.com/plants-you-should-never-plant-with-lobelia/
no contextual links,https://www.littleflowercottage.com/30-best-houseplants-for-your-mental-health/,30 Best Houseplants for your Mental Health,comparison_or_review,0,2,1349,11,https://www.littleflowercottage.com/15-best-indoor-plants-for-bedrooms/ | https://www.littleflowercottage.com/20-low-maintenance-houseplants-for-any-home/ | https://www.littleflowercottage.com/15-best-plants-for-bathrooms-with-windows/ | https://www.littleflowercottage.com/best-houseplants-to-transform-your-home-into-a-jungle/ | https://www.littleflowercottage.com/15-benefits-of-growing-pothos-plant/ | https://www.littleflowercottage.com/7-easy-houseplants-for-beginners-that-wont-die-on-you/
no contextual links,https://www.littleflowercottage.com/10-houseplants-even-beginners-cant-kill/,10 Houseplants Even Beginners Can’t Kill,support_article,0,2,1309,12,https://www.littleflowercottage.com/top-10-easiest-houseplants-for-beginners/ | https://www.littleflowercottage.com/plants-you-can-grow-without-sunlight/ | https://www.littleflowercottage.com/best-plants-for-the-top-of-a-cabinet/ | https://www.littleflowercottage.com/20-low-maintenance-houseplants-for-any-home/ | https://www.littleflowercottage.com/15-best-indoor-plants-for-bedrooms/ | https://www.littleflowercottage.com/30-best-houseplants-for-your-mental-health/
no contextual links,https://www.littleflowercottage.com/how-to-grow-ursinia/,How to Grow Ursinia: A Comprehensive Guide,support_article,0,2,1281,19,https://www.littleflowercottage.com/how-to-grow-star-of-the-veldt/ | https://www.littleflowercottage.com/how-to-grow-malope/ | https://www.littleflowercottage.com/how-to-grow-toadflax/ | https://www.littleflowercottage.com/how-to-grow-mignonette/ | https://www.littleflowercottage.com/how-to-propagate-zinnias-an-easy-step-by-step-guide/ | https://www.littleflowercottage.com/how-to-grow-zinnias-an-easy-to-follow-guide-for-success/
no contextual links,https://www.littleflowercottage.com/flowers-that-attract-butterflies-to-your-garden/,15 Flowers that Attract Butterflies to your Garden,support_article,0,2,1254,9,https://www.littleflowercottage.com/flowers-that-attract-birds-to-your-garden/ | https://www.littleflowercottage.com/the-7-best-zinnias-for-attracting-butterflies/ | https://www.littleflowercottage.com/15-fantastic-plants-to-grow-in-hanging-baskets-for-stunning-outdoor-displays/ | https://www.littleflowercottage.com/the-6-best-zinnias-for-pollinators/ | https://www.littleflowercottage.com/the-best-perennial-flowers-that-bloom-all-year/ | https://www.littleflowercottage.com/easiest-flowers-for-beginners-to-grow/
no contextual links,https://www.littleflowercottage.com/how-to-propagate-zinnias-an-easy-step-by-step-guide/,How to Propagate Zinnias: An Easy Step-by-Step Guide,support_article,0,2,1236,22,https://www.littleflowercottage.com/how-to-grow-zinnias-an-easy-to-follow-guide-for-success/ | https://www.littleflowercottage.com/how-to-grow-star-of-the-veldt/ | https://www.littleflowercottage.com/how-to-grow-ursinia/ | https://www.littleflowercottage.com/how-to-grow-malope/ | https://www.littleflowercottage.com/spring-gardening-checklist/ | https://www.littleflowercottage.com/how-to-grow-giant-sunflowers/
no contextual links,https://www.littleflowercottage.com/8-stunning-orchid-varieties-you-can-grow-indoors/,8 Stunning Orchid Varieties You Can Grow Indoors,support_article,0,2,1210,12,https://www.littleflowercottage.com/how-to-grow-hanging-orchids/ | https://www.littleflowercottage.com/best-orchids-for-beginners/ | https://www.littleflowercottage.com/how-long-do-orchid-blooms-last/ | https://www.littleflowercottage.com/10-tips-to-care-for-your-orchids-the-right-way/ | https://www.littleflowercottage.com/tips-for-growing-orchids-indoors/ | https://www.littleflowercottage.com/9-practical-tips-to-save-a-dying-orchid/
no contextual links,https://www.littleflowercottage.com/how-to-grow-lavender-from-seed/,How to Grow Lavender from Seed: A Simple Guide,support_article,0,2,1194,12,https://www.littleflowercottage.com/easy-steps-to-grow-lavender/ | https://www.littleflowercottage.com/how-to-grow-mignonette/ | https://www.littleflowercottage.com/how-to-grow-malope/ | https://www.littleflowercottage.com/how-to-grow-star-of-the-veldt/ | https://www.littleflowercottage.com/how-to-propagate-zinnias-an-easy-step-by-step-guide/ | https://www.littleflowercottage.com/how-to-grow-ursinia/
no contextual links,https://www.littleflowercottage.com/flowers-that-look-like-bluebells/,10 Enchanting Flowers That Look Just Like Bluebells,support_article,0,2,1131,5,https://www.littleflowercottage.com/10-best-plants-to-plant-with-tulips/ | https://www.littleflowercottage.com/flowers-that-grow-in-shade/ | https://www.littleflowercottage.com/flowers-that-attract-birds-to-your-garden/ | https://www.littleflowercottage.com/best-cottage-garden-flowers/ | https://www.littleflowercottage.com/the-best-perennial-flowers-that-bloom-all-year/
no contextual links,https://www.littleflowercottage.com/plants-not-to-plant-with-rhododendrons/,12 Plants Not to Plant with Rhododendrons,support_article,0,2,1122,37,https://www.littleflowercottage.com/plants-not-to-plant-with-camellia/ | https://www.littleflowercottage.com/plants-you-should-never-plant-with-hostas/ | https://www.littleflowercottage.com/plants-you-should-never-plant-with-gardenia/ | https://www.littleflowercottage.com/plants-not-to-plant-with-crocus/ | https://www.littleflowercottage.com/plants-not-to-plant-with-violets/ | https://www.littleflowercottage.com/plants-not-to-plant-with-astilbe/
no contextual links,https://www.littleflowercottage.com/where-to-cut-orchid-stems-after-they-bloom/,Where to Cut Orchid Stems After They Bloom,support_article,0,2,990,6,https://www.littleflowercottage.com/how-to-make-your-orchid-bloom-all-year-long/ | https://www.littleflowercottage.com/7-ways-to-make-an-orchid-grow-a-new-spike/ | https://www.littleflowercottage.com/how-to-propagate-orchids-a-simple-step-by-step-guide/ | https://www.littleflowercottage.com/watering-an-orchid-guide/ | https://www.littleflowercottage.com/how-to-propagate-orchids-correctly/ | https://www.littleflowercottage.com/how-to-make-an-orchid-rebloom/
no contextual links,https://www.littleflowercottage.com/plants-not-to-plant-with-dahlias/,12 Plants NOT to Plant With Dahlias,support_article,0,2,943,17,https://www.littleflowercottage.com/plants-not-to-plant-with-coneflowers/ | https://www.littleflowercottage.com/plants-not-to-plant-with-amaranth/ | https://www.littleflowercottage.com/plants-not-to-plant-with-alyssum/ | https://www.littleflowercottage.com/plants-not-to-plant-with-gladiolus/ | https://www.littleflowercottage.com/10-plants-not-to-plant-with-dianthus/ | https://www.littleflowercottage.com/plants-not-to-plant-with-borage/
weak,https://www.littleflowercottage.com/tips-to-make-your-peace-lily-grow-faster/,Tips to Make Your Peace Lily Grow Faster,pillar_guide,1,3,4643,19,https://www.littleflowercottage.com/tips-to-make-your-spider-plant-grow-faster/ | https://www.littleflowercottage.com/8-reasons-your-peace-lily-isnt-growing/ | https://www.littleflowercottage.com/peace-lily-watering-guide-how-to-how-often-when-more/ | https://www.littleflowercottage.com/best-fertilizer-to-make-your-peace-lily-bloom/ | https://www.littleflowercottage.com/how-to-make-a-zz-plant-bushier/ | https://www.littleflowercottage.com/ways-to-make-your-pothos-plant-grow-faster/
weak,https://www.littleflowercottage.com/growing-and-caring-for-tulips/,How to Grow and Care for Tulips Successfully,pillar_guide,1,3,2863,10,https://www.littleflowercottage.com/plants-not-to-plant-with-tulips/ | https://www.littleflowercottage.com/what-to-plant-in-fall/ | https://www.littleflowercottage.com/easy-steps-to-grow-lavender/ | https://www.littleflowercottage.com/10-best-plants-to-plant-with-tulips/ | https://www.littleflowercottage.com/growing-and-caring-for-chrysanthemum/ | https://www.littleflowercottage.com/how-to-care-for-tulips-in-a-vase-helpful-tips/
weak,https://www.littleflowercottage.com/reasons-fiddle-leaf-fig-leaves-turn-yellow/,7 Reasons Fiddle Leaf Fig Leaves Turn Yellow,support_article,1,3,2453,14,https://www.littleflowercottage.com/reasons-your-fiddle-leaf-fig-isnt-growing/ | https://www.littleflowercottage.com/7-surprising-reasons-your-monstera-leaves-are-turning-yellow/ | https://www.littleflowercottage.com/9-reasons-your-snake-plant-leaves-are-turning-yellow/ | https://www.littleflowercottage.com/why-is-my-plant-dying/ | https://www.littleflowercottage.com/pothos-plant-watering-guide-when-to-how-to-more/ | https://www.littleflowercottage.com/7-reasons-for-holes-in-your-pothos-leaves-and-how-to-fix-them/
weak,https://www.littleflowercottage.com/reasons-your-fiddle-leaf-fig-isnt-growing/,9 Reasons Your Fiddle Leaf Fig Isn’t Growing (And What to Do About It),support_article,1,2,2299,6,https://www.littleflowercottage.com/tips-to-make-your-peace-lily-grow-faster/ | https://www.littleflowercottage.com/14-reasons-why-your-monstera-plant-isnt-growing/ | https://www.littleflowercottage.com/why-is-my-monstera-not-growing-12-reasons-and-how-to-fix-it/ | https://www.littleflowercottage.com/why-is-my-plant-dying/ | https://www.littleflowercottage.com/8-reasons-your-peace-lily-isnt-growing/ | https://www.littleflowercottage.com/how-to-repot-a-monstera/
weak,https://www.littleflowercottage.com/ways-to-make-your-pothos-plant-grow-faster/,9 Ways to Make Your Pothos Plant Grow Faster,support_article,1,3,2288,25,https://www.littleflowercottage.com/15-tips-to-help-your-pothos-plant-climb-like-a-pro/ | https://www.littleflowercottage.com/15-reasons-why-your-pothos-is-leggy-and-how-to-fix-it/ | https://www.littleflowercottage.com/how-to-care-for-pothos-plant-indoors/ | https://www.littleflowercottage.com/20-simple-tips-to-grow-bigger-pothos-leaves/ | https://www.littleflowercottage.com/how-to-grow-pothos-bushy-and-long/ | https://www.littleflowercottage.com/pothos-climbing-ideas/
weak,https://www.littleflowercottage.com/best-plants-for-a-bathroom-without-windows/,The 12 Best Plants for a Bathroom Without Windows,comparison_or_review,1,3,2254,10,https://www.littleflowercottage.com/15-best-plants-for-bathrooms-with-windows/ | https://www.littleflowercottage.com/understanding-plant-light-what-bright-indirect-means/ | https://www.littleflowercottage.com/20-low-maintenance-houseplants-for-any-home/ | https://www.littleflowercottage.com/30-best-houseplants-for-your-mental-health/ | https://www.littleflowercottage.com/best-plants-for-the-top-of-a-cabinet/ | https://www.littleflowercottage.com/lighting-requirements-guide-for-pothos-plant/
weak,https://www.littleflowercottage.com/how-to-grow-sunflowers/,How to Grow Sunflowers: A Simple Guide,support_article,1,3,2186,19,https://www.littleflowercottage.com/plants-not-to-plant-with-azaleas/ | https://www.littleflowercottage.com/how-to-grow-giant-sunflowers/ | https://www.littleflowercottage.com/plants-not-to-plant-with-dahlias/ | https://www.littleflowercottage.com/plants-not-to-plant-with-foxglove/ | https://www.littleflowercottage.com/plants-not-to-plant-with-cosmos/ | https://www.littleflowercottage.com/plants-you-should-never-plant-with-larkspur/
weak,https://www.littleflowercottage.com/15-fantastic-plants-to-grow-in-hanging-baskets-for-stunning-outdoor-displays/,15 Fantastic Plants to Grow in Hanging Baskets for Stunning Outdoor Displays,support_article,1,2,2183,11,https://www.littleflowercottage.com/15-perfect-flowers-for-small-balcony-gardens-to-brighten-your-space/ | https://www.littleflowercottage.com/companion-plants-for-alyssum/ | https://www.littleflowercottage.com/flowers-that-attract-birds-to-your-garden/ | https://www.littleflowercottage.com/flowers-that-attract-butterflies-to-your-garden/ | https://www.littleflowercottage.com/10-best-plants-to-plant-with-tulips/ | https://www.littleflowercottage.com/easiest-flowers-for-beginners-to-grow/
weak,https://www.littleflowercottage.com/best-monstera-plants-for-beginners-which-swiss-cheese-plant-is-right-for-you/,Best Monstera Plants for Beginners: Which Swiss Cheese Plant Is Right For You?,comparison_or_review,1,3,2028,9,https://www.littleflowercottage.com/best-houseplants-to-transform-your-home-into-a-jungle/ | https://www.littleflowercottage.com/monstera-plant-lighting-requirements-guide/ | https://www.littleflowercottage.com/best-monstera-plants-for-small-spaces/ | https://www.littleflowercottage.com/why-is-my-monstera-not-growing-12-reasons-and-how-to-fix-it/ | https://www.littleflowercottage.com/the-best-monstera-plant-support-ideas/ | https://www.littleflowercottage.com/how-to-grow-a-bigger-monstera-fast/
weak,https://www.littleflowercottage.com/the-best-flowers-for-fathers-day-the-ultimate-guide-to-breaking-tradition/,The Best Flowers for Father’s Day: The Ultimate Guide to Breaking Tradition,comparison_or_review,1,3,1968,1,https://www.littleflowercottage.com/how-to-care-for-tulips-in-a-vase-helpful-tips/
weak,https://www.littleflowercottage.com/how-to-grow-malope/,How to Grow Malope: A Comprehensive Guide,pillar_guide,1,3,1830,16,https://www.littleflowercottage.com/how-to-propagate-zinnias-an-easy-step-by-step-guide/ | https://www.littleflowercottage.com/how-to-grow-ursinia/ | https://www.littleflowercottage.com/how-to-grow-giant-sunflowers/ | https://www.littleflowercottage.com/spring-gardening-checklist/ | https://www.littleflowercottage.com/how-to-grow-lavender-from-seed/ | https://www.littleflowercottage.com/how-to-grow-zinnias-an-easy-to-follow-guide-for-success/
weak,https://www.littleflowercottage.com/flowers-that-grow-in-shade/,15 Flowers That Grow in Shade,support_article,1,3,1756,6,https://www.littleflowercottage.com/plants-that-survive-winter-outside/ | https://www.littleflowercottage.com/the-best-perennial-flowers-that-bloom-all-year/ | https://www.littleflowercottage.com/flowers-that-attract-birds-to-your-garden/ | https://www.littleflowercottage.com/best-plants-for-miniature-gardens/ | https://www.littleflowercottage.com/flowers-that-look-like-bluebells/ | https://www.littleflowercottage.com/the-7-best-zinnias-for-attracting-butterflies/
weak,https://www.littleflowercottage.com/plants-not-to-plant-with-nigella/,10+ Plants Not to Plant With Nigella (And What Works Instead),support_article,1,3,1563,8,https://www.littleflowercottage.com/plants-not-to-plant-with-black-eyed-susan-rudbeckia/ | https://www.littleflowercottage.com/plants-not-to-plant-with-columbine/ | https://www.littleflowercottage.com/best-cottage-garden-flowers/ | https://www.littleflowercottage.com/plants-not-to-plant-with-agapanthus/ | https://www.littleflowercottage.com/plants-you-should-never-plant-with-larkspur/ | https://www.littleflowercottage.com/plants-you-should-never-plant-with-stock/
weak,https://www.littleflowercottage.com/plants-not-to-plant-with-violets/,10 Plants Not to Plant with Violets,support_article,1,3,1526,10,https://www.littleflowercottage.com/plants-not-to-plant-with-rhododendrons/ | https://www.littleflowercottage.com/plants-not-to-plant-with-chrysanthemums/ | https://www.littleflowercottage.com/plants-not-to-plant-with-impatiens/ | https://www.littleflowercottage.com/plants-you-should-never-plant-with-poppies/ | https://www.littleflowercottage.com/13-plants-not-to-plant-with-anemone/ | https://www.littleflowercottage.com/plants-you-should-never-plant-with-hostas/
weak,https://www.littleflowercottage.com/plants-you-should-never-plant-with-marigolds/,11+ Plants You Should Never Plant with Marigolds (And What Works Better),support_article,1,3,1492,8,https://www.littleflowercottage.com/5-plants-not-to-plant-with-marigolds/ | https://www.littleflowercottage.com/10-plants-not-to-grow-with-basil/ | https://www.littleflowercottage.com/plants-you-should-never-plant-with-stock/ | https://www.littleflowercottage.com/plants-you-should-never-plant-with-geraniums/ | https://www.littleflowercottage.com/plants-not-to-plant-with-morning-glory/ | https://www.littleflowercottage.com/plants-not-to-plant-with-cosmos/
weak,https://www.littleflowercottage.com/plants-not-to-plant-with-periwinkles/,11 Plants Not to Plant with Periwinkle (Vinca),support_article,1,3,1491,3,https://www.littleflowercottage.com/plants-not-to-plant-with-rhododendrons/ | https://www.littleflowercottage.com/13-plants-not-to-plant-with-buttercups/ | https://www.littleflowercottage.com/plants-not-to-plant-with-oleander/
weak,https://www.littleflowercottage.com/plants-you-can-grow-without-sunlight/,10 Plants You Can Grow Without Sunlight,support_article,1,3,1438,6,https://www.littleflowercottage.com/10-houseplants-even-beginners-cant-kill/ | https://www.littleflowercottage.com/top-10-easiest-houseplants-for-beginners/ | https://www.littleflowercottage.com/best-plants-for-a-bathroom-without-windows/ | https://www.littleflowercottage.com/15-best-plants-for-bathrooms-with-windows/ | https://www.littleflowercottage.com/spider-plant-care-guide/ | https://www.littleflowercottage.com/10-surprising-benefits-of-growing-the-zz-plant/
weak,https://www.littleflowercottage.com/how-to-grow-mignonette/,How to Grow Mignonette: Expert Tips and Tricks,support_article,1,2,1369,14,https://www.littleflowercottage.com/how-to-grow-star-of-the-veldt/ | https://www.littleflowercottage.com/easy-steps-to-grow-lavender/ | https://www.littleflowercottage.com/growing-and-caring-for-tulips/ | https://www.littleflowercottage.com/how-to-grow-malope/ | https://www.littleflowercottage.com/how-to-grow-sunflowers/ | https://www.littleflowercottage.com/spring-gardening-checklist/
weak,https://www.littleflowercottage.com/plants-not-to-plant-with-yarrow/,11 Plants Not to Plant with Yarrow: What to Avoid,support_article,1,3,1352,13,https://www.littleflowercottage.com/plants-you-should-never-plant-with-coreopsis-tickseed/ | https://www.littleflowercottage.com/plants-not-to-plant-with-catmint/ | https://www.littleflowercottage.com/plants-you-should-not-plant-with-liatris/ | https://www.littleflowercottage.com/plants-not-to-plant-with-columbine/ | https://www.littleflowercottage.com/13-plants-you-should-never-plant-with-irises-and-what-to-grow-instead/ | https://www.littleflowercottage.com/plants-not-to-plant-with-aster/
weak,https://www.littleflowercottage.com/plants-not-to-plant-with-impatiens/,10+ Plants NOT to Plant With Impatiens,support_article,1,2,1350,6,https://www.littleflowercottage.com/plants-not-to-plant-with-morning-glory/ | https://www.littleflowercottage.com/plants-not-to-plant-with-cosmos/ | https://www.littleflowercottage.com/plants-not-to-plant-with-petunias/ | https://www.littleflowercottage.com/plants-you-should-never-plant-with-begonias/ | https://www.littleflowercottage.com/plants-not-to-plant-with-astilbe/ | https://www.littleflowercottage.com/plants-you-should-never-plant-with-lobelia/
weak,https://www.littleflowercottage.com/10-best-plants-to-plant-with-tulips/,10 Best Plants to Plant with Tulips,comparison_or_review,1,3,1307,6,https://www.littleflowercottage.com/growing-and-caring-for-tulips/ | https://www.littleflowercottage.com/what-to-plant-in-fall/ | https://www.littleflowercottage.com/flowers-that-look-like-bluebells/ | https://www.littleflowercottage.com/the-best-perennial-flowers-that-bloom-all-year/ | https://www.littleflowercottage.com/plants-that-survive-winter-outside/ | https://www.littleflowercottage.com/flowers-that-grow-in-shade/
weak,https://www.littleflowercottage.com/plants-not-to-plant-with-dusty-miller/,Plants NOT to Plant with Dusty Miller,support_article,1,3,1290,4,https://www.littleflowercottage.com/plants-not-to-plant-with-eryngium-sea-holly/ | https://www.littleflowercottage.com/plants-not-to-plant-with-freesia/ | https://www.littleflowercottage.com/plants-not-to-plant-with-scabiosa-pincushion-flower/ | https://www.littleflowercottage.com/plants-not-to-plant-with-celosia/
weak,https://www.littleflowercottage.com/15-benefits-of-growing-pothos-plant/,15 Benefits of Growing Pothos Plant,support_article,1,3,1245,5,https://www.littleflowercottage.com/10-surprising-benefits-of-growing-the-zz-plant/ | https://www.littleflowercottage.com/how-to-grow-pothos-in-water-a-simple-guide/ | https://www.littleflowercottage.com/how-to-care-for-pothos-plant-indoors/ | https://www.littleflowercottage.com/pothos-plant-care-guide/ | https://www.littleflowercottage.com/lighting-requirements-guide-for-pothos-plant/
weak,https://www.littleflowercottage.com/plants-you-should-not-plant-with-liatris/,13 Plants You Should NOT Plant With Liatris (And What To Plant Instead),support_article,1,2,1217,8,https://www.littleflowercottage.com/plants-you-should-never-plant-with-your-buddleia/ | https://www.littleflowercottage.com/plants-you-should-never-plant-with-hypericum/ | https://www.littleflowercottage.com/plants-not-to-plant-with-agapanthus/ | https://www.littleflowercottage.com/plants-you-should-never-plant-with-coreopsis-tickseed/ | https://www.littleflowercottage.com/plants-not-to-plant-with-nigella/ | https://www.littleflowercottage.com/plants-not-to-plant-with-yarrow/
weak,https://www.littleflowercottage.com/plants-not-to-plant-with-eryngium-sea-holly/,11 Plants NOT to Plant with Eryngium (Sea Holly),support_article,1,3,1163,3,https://www.littleflowercottage.com/plants-not-to-plant-with-scabiosa-pincushion-flower/ | https://www.littleflowercottage.com/plants-not-to-plant-with-dusty-miller/ | https://www.littleflowercottage.com/plants-not-to-plant-with-celosia/
weak,https://www.littleflowercottage.com/how-to-grow-immortelle/,How to Grow Immortelle (Curry Plant): A Simple Guide,support_article,1,3,1154,5,https://www.littleflowercottage.com/how-to-grow-toadflax/ | https://www.littleflowercottage.com/easy-steps-to-grow-lavender/ | https://www.littleflowercottage.com/lavender-care/ | https://www.littleflowercottage.com/how-to-grow-ursinia/ | https://www.littleflowercottage.com/how-to-grow-star-of-the-veldt/
weak,https://www.littleflowercottage.com/plants-you-should-never-plant-with-lavender/,12+ Plants You Should Never Plant With Lavender (And What Works Instead),support_article,1,3,1151,2,https://www.littleflowercottage.com/13-plants-not-to-plant-with-poinsettia/ | https://www.littleflowercottage.com/plants-not-to-plant-with-gypsophila-babys-breath/
weak,https://www.littleflowercottage.com/plants-not-to-plant-with-scabiosa-pincushion-flower/,Plants NOT to Plant with Scabiosa (Pincushion Flower),support_article,1,3,1145,5,https://www.littleflowercottage.com/plants-not-to-plant-with-eryngium-sea-holly/ | https://www.littleflowercottage.com/plants-not-to-plant-with-celosia/ | https://www.littleflowercottage.com/plants-not-to-plant-with-lisianthus/ | https://www.littleflowercottage.com/plants-not-to-plant-with-dusty-miller/ | https://www.littleflowercottage.com/plants-not-to-plant-with-freesia/
weak,https://www.littleflowercottage.com/the-7-best-zinnias-for-attracting-butterflies/,The 7 Best Zinnias for Attracting Butterflies,comparison_or_review,1,3,1133,4,https://www.littleflowercottage.com/the-6-best-zinnias-for-pollinators/ | https://www.littleflowercottage.com/flowers-that-attract-butterflies-to-your-garden/ | https://www.littleflowercottage.com/how-to-grow-zinnias-in-pots/ | https://www.littleflowercottage.com/best-plants-for-miniature-gardens/
weak,https://www.littleflowercottage.com/13-plants-not-to-plant-with-buttercups/,13 Plants Not to Plant with Buttercups,support_article,1,3,1128,5,https://www.littleflowercottage.com/plants-not-to-plant-with-ranunculus-and-why/ | https://www.littleflowercottage.com/plants-you-should-never-plant-with-larkspur/ | https://www.littleflowercottage.com/plants-not-to-plant-with-oleander/ | https://www.littleflowercottage.com/plants-you-should-never-plant-with-wisteria/ | https://www.littleflowercottage.com/plants-not-to-plant-with-periwinkles/
weak,https://www.littleflowercottage.com/flowers-that-attract-birds-to-your-garden/,15 Flowers that Attract Birds to your Garden,support_article,1,3,1078,7,https://www.littleflowercottage.com/flowers-that-attract-butterflies-to-your-garden/ | https://www.littleflowercottage.com/companion-plants-for-alyssum/ | https://www.littleflowercottage.com/15-fantastic-plants-to-grow-in-hanging-baskets-for-stunning-outdoor-displays/ | https://www.littleflowercottage.com/the-7-best-zinnias-for-attracting-butterflies/ | https://www.littleflowercottage.com/the-6-best-zinnias-for-pollinators/ | https://www.littleflowercottage.com/flowers-that-look-like-bluebells/
weak,https://www.littleflowercottage.com/7-reasons-why-your-zinnia-leaves-are-wilting/,7 Reasons Why Your Zinnia Leaves Are Wilting,support_article,1,3,1055,3,https://www.littleflowercottage.com/how-to-revive-a-dying-zinnia/ | https://www.littleflowercottage.com/8-reasons-your-zinnias-are-dying-and-how-to-fix-them/ | https://www.littleflowercottage.com/7-reasons-your-zinnias-leaves-are-turning-brown-and-how-to-fix-it/
weak,https://www.littleflowercottage.com/plants-not-to-plant-with-brunia-and-why/,Plants Not to Plant with Brunia (and Why),support_article,1,3,1012,1,https://www.littleflowercottage.com/plants-not-to-plant-with-campanula/
weak,https://www.littleflowercottage.com/companion-plants-for-alyssum/,The 10 Best Companion Plants for Alyssum,comparison_or_review,1,3,1011,6,https://www.littleflowercottage.com/15-perfect-flowers-for-small-balcony-gardens-to-brighten-your-space/ | https://www.littleflowercottage.com/15-fantastic-plants-to-grow-in-hanging-baskets-for-stunning-outdoor-displays/ | https://www.littleflowercottage.com/best-plants-for-miniature-gardens/ | https://www.littleflowercottage.com/the-6-best-zinnias-for-pollinators/ | https://www.littleflowercottage.com/15-flowers-that-bloom-all-year-round-enhance-your-garden-with-year-round-color/ | https://www.littleflowercottage.com/flowers-that-grow-in-shade/
weak,https://www.littleflowercottage.com/how-to-prune-a-pothos-a-step-by-step-guide/,How to Prune a Pothos: A Step by Step Guide,pillar_guide,2,4,5289,27,https://www.littleflowercottage.com/how-to-prune-a-monstera-a-step-by-step-guide/ | https://www.littleflowercottage.com/how-to-prune-a-spider-plant/ | https://www.littleflowercottage.com/how-to-prune-a-snake-plant/ | https://www.littleflowercottage.com/how-to-propagate-pothos-plants-a-step-by-step-guide/ | https://www.littleflowercottage.com/how-to-propagate-pothos-in-water/ | https://www.littleflowercottage.com/easy-tricks-to-make-your-pothos-climb/
weak,https://www.littleflowercottage.com/why-is-my-plant-dying/,Why Is My Plant Dying? 12 Common Problems Solved,pillar_guide,2,4,4579,64,https://www.littleflowercottage.com/reasons-your-fiddle-leaf-fig-isnt-growing/ | https://www.littleflowercottage.com/signs-your-monstera-is-dying-and-how-to-save-it/ | https://www.littleflowercottage.com/7-reasons-your-monstera-is-drooping/ | https://www.littleflowercottage.com/8-ways-to-save-a-dying-snake-plant/ | https://www.littleflowercottage.com/reasons-your-spider-plant-is-drooping-and-how-to-fix-it/ | https://www.littleflowercottage.com/reasons-fiddle-leaf-fig-leaves-turn-yellow/
weak,https://www.littleflowercottage.com/how-to-prune-a-spider-plant/,How to Prune a Spider Plant: A Step by Step Guide,pillar_guide,2,4,4370,13,https://www.littleflowercottage.com/tips-to-make-your-spider-plant-grow-faster/ | https://www.littleflowercottage.com/how-to-prune-a-pothos-a-step-by-step-guide/ | https://www.littleflowercottage.com/how-to-prune-a-snake-plant/ | https://www.littleflowercottage.com/how-to-prune-a-monstera-a-step-by-step-guide/ | https://www.littleflowercottage.com/how-to-make-your-spider-plant-bushy/ | https://www.littleflowercottage.com/how-to-propagate-a-spider-plant-a-step-by-step-guide/
weak,https://www.littleflowercottage.com/best-fertilizer-for-orchids-what-to-use-and-when/,Best Fertilizer for Orchids: What to Use and When,comparison_or_review,2,4,4014,9,https://www.littleflowercottage.com/8-reasons-why-your-orchid-wont-bloom/ | https://www.littleflowercottage.com/tips-to-make-your-orchid-grow-faster/ | https://www.littleflowercottage.com/monstera-fertilizer-guide/ | https://www.littleflowercottage.com/tips-to-make-your-peace-lily-grow-faster/ | https://www.littleflowercottage.com/best-fertilizer-to-make-your-peace-lily-bloom/ | https://www.littleflowercottage.com/how-to-tell-a-new-orchid-root-from-a-new-spike/
weak,https://www.littleflowercottage.com/how-to-plan-a-flower-bed-from-scratch/,How to Plan a Flower Bed from Scratch,pillar_guide,2,4,3940,4,https://www.littleflowercottage.com/spring-gardening-checklist/ | https://www.littleflowercottage.com/what-to-plant-in-fall/ | https://www.littleflowercottage.com/best-cottage-garden-flowers/ | https://www.littleflowercottage.com/the-best-perennial-flowers-that-bloom-all-year/
weak,https://www.littleflowercottage.com/best-soil-for-peace-lilies-what-they-need-and-why/,Best Soil for Peace Lilies: What They Need and Why,comparison_or_review,2,4,3871,10,https://www.littleflowercottage.com/tips-to-make-your-spider-plant-grow-faster/ | https://www.littleflowercottage.com/why-is-my-plant-dying/ | https://www.littleflowercottage.com/the-best-soil-mix-for-monstera-plants/ | https://www.littleflowercottage.com/peace-lily-watering-guide-how-to-how-often-when-more/ | https://www.littleflowercottage.com/soil-guide-for-pothos-plants-the-right-mix-and-more/ | https://www.littleflowercottage.com/best-fertilizer-to-make-your-peace-lily-bloom/
weak,https://www.littleflowercottage.com/how-to-grow-a-bigger-monstera-fast/,How to Grow a Bigger Monstera – Fast,pillar_guide,2,3,3572,32,https://www.littleflowercottage.com/the-best-monstera-plant-support-ideas/ | https://www.littleflowercottage.com/14-reasons-why-your-monstera-plant-isnt-growing/ | https://www.littleflowercottage.com/monstera-care-guide-easy-tips-for-growing-monstera/ | https://www.littleflowercottage.com/why-is-my-monstera-not-growing-12-reasons-and-how-to-fix-it/ | https://www.littleflowercottage.com/best-monstera-plants-for-beginners-which-swiss-cheese-plant-is-right-for-you/ | https://www.littleflowercottage.com/10-tips-to-train-monstera-to-climb-and-make-it-look-good/
weak,https://www.littleflowercottage.com/how-to-prune-an-orchid/,How to Prune an Orchid: A Complete Guide,pillar_guide,2,4,3438,13,https://www.littleflowercottage.com/how-to-prune-a-monstera-a-step-by-step-guide/ | https://www.littleflowercottage.com/how-to-tell-a-new-orchid-root-from-a-new-spike/ | https://www.littleflowercottage.com/7-ways-to-make-an-orchid-grow-a-new-spike/ | https://www.littleflowercottage.com/9-practical-tips-to-save-a-dying-orchid/ | https://www.littleflowercottage.com/how-to-prune-a-snake-plant/ | https://www.littleflowercottage.com/how-long-do-orchid-blooms-last/
weak,https://www.littleflowercottage.com/growing-and-caring-for-chrysanthemum/,A Guide to Growing and Caring for Chrysanthemum,pillar_guide,2,4,3276,17,https://www.littleflowercottage.com/growing-and-caring-for-tulips/ | https://www.littleflowercottage.com/easy-steps-to-grow-lavender/ | https://www.littleflowercottage.com/how-to-grow-star-of-the-veldt/ | https://www.littleflowercottage.com/how-to-grow-sunflowers/ | https://www.littleflowercottage.com/15-flowers-that-bloom-all-year-round-enhance-your-garden-with-year-round-color/ | https://www.littleflowercottage.com/how-to-grow-malope/
weak,https://www.littleflowercottage.com/how-to-repot-a-monstera/,How to Repot a Monstera: A Complete Guide (Without Killing It),pillar_guide,2,4,3055,32,https://www.littleflowercottage.com/14-reasons-why-your-monstera-plant-isnt-growing/ | https://www.littleflowercottage.com/7-reasons-your-monstera-is-drooping/ | https://www.littleflowercottage.com/ways-to-save-a-dying-monstera-plant/ | https://www.littleflowercottage.com/monstera-care-guide-easy-tips-for-growing-monstera/ | https://www.littleflowercottage.com/why-your-monstera-growing-sideways/ | https://www.littleflowercottage.com/how-much-water-does-a-monstera-need/
weak,https://www.littleflowercottage.com/reasons-your-orchid-leaves-are-wrinkled-with-fixes/,11 Reasons Your Orchid Leaves Are Wrinkled (With Fixes),pillar_guide,2,4,2888,21,https://www.littleflowercottage.com/signs-your-orchid-needs-repotting-and-what-to-do/ | https://www.littleflowercottage.com/7-reasons-your-snake-plant-is-wrinkled-and-how-to-fix-it/ | https://www.littleflowercottage.com/12-reasons-your-orchid-stem-is-turning-yellow/ | https://www.littleflowercottage.com/12-reasons-your-orchid-leaves-are-turning-yellow-and-how-to-fix-them/ | https://www.littleflowercottage.com/15-reasons-your-orchid-leaves-are-drooping-with-fixes/ | https://www.littleflowercottage.com/reasons-your-orchid-buds-are-falling-off-before-they-bloom/
weak,https://www.littleflowercottage.com/understanding-plant-light-what-bright-indirect-means/,Understanding Plant Light: What ‘Bright Indirect’ Means,pillar_guide,2,4,2756,11,https://www.littleflowercottage.com/monstera-plant-lighting-requirements-guide/ | https://www.littleflowercottage.com/the-ultimate-beginners-houseplant-care-guide/ | https://www.littleflowercottage.com/how-to-make-a-zz-plant-bushier/ | https://www.littleflowercottage.com/tips-to-make-your-peace-lily-grow-faster/ | https://www.littleflowercottage.com/where-to-put-your-peace-lily-indoors/ | https://www.littleflowercottage.com/lighting-requirements-guide-for-pothos-plant/
weak,https://www.littleflowercottage.com/how-to-repot-a-christmas-cactus/,How to Repot a Christmas Cactus,pillar_guide,2,327,2676,14,https://www.littleflowercottage.com/christmas-cactus-care-guide/ | https://www.littleflowercottage.com/reasons-your-christmas-cactus-is-limp-or-wilting/ | https://www.littleflowercottage.com/reasons-your-christmas-cactus-has-yellow-leaves/ | https://www.littleflowercottage.com/how-to-propagate-a-christmas-cactus/ | https://www.littleflowercottage.com/how-to-get-a-christmas-cactus-to-bloom-for-the-holidays/ | https://www.littleflowercottage.com/reasons-your-christmas-cactus-wont-bloom-and-how-to-fix-it/
weak,https://www.littleflowercottage.com/how-to-grow-a-spider-plant-in-water/,How to Grow a Spider Plant in Water,support_article,2,327,2361,13,https://www.littleflowercottage.com/how-to-grow-pothos-in-water-a-simple-guide/ | https://www.littleflowercottage.com/how-to-prune-a-spider-plant/ | https://www.littleflowercottage.com/reasons-your-spider-plant-is-drooping-and-how-to-fix-it/ | https://www.littleflowercottage.com/how-to-make-your-spider-plant-bushy/ | https://www.littleflowercottage.com/tips-to-make-your-spider-plant-grow-faster/ | https://www.littleflowercottage.com/spider-plant-care-guide/
weak,https://www.littleflowercottage.com/16-reasons-your-zz-plant-is-turning-brown-and-how-to-fix-it/,16 Reasons Your ZZ Plant Is Turning Brown (And How to Fix It),support_article,2,4,2092,39,https://www.littleflowercottage.com/7-reasons-why-your-zz-plant-leaves-are-turning-yellow-and-how-to-fix-them/ | https://www.littleflowercottage.com/9-reasons-your-zz-plant-is-drooping-and-how-to-fix-it/ | https://www.littleflowercottage.com/15-tips-to-make-your-zz-plant-grow-faster-and-healthier/ | https://www.littleflowercottage.com/7-reasons-for-a-leggy-zz-plant-and-how-to-fix-it/ | https://www.littleflowercottage.com/zz-plant-care-the-ultimate-guide-to-thriving-with-the-easiest-houseplant/ | https://www.littleflowercottage.com/zz-plant-watering-guide-when-to-how-much-how-often-and-more/
weak,https://www.littleflowercottage.com/12-reasons-your-orchid-stem-is-turning-yellow/,12 Reasons your Orchid Stem is Turning Yellow,support_article,2,4,2081,30,https://www.littleflowercottage.com/12-reasons-your-orchid-leaves-are-turning-yellow-and-how-to-fix-them/ | https://www.littleflowercottage.com/15-reasons-your-orchid-leaves-are-drooping-with-fixes/ | https://www.littleflowercottage.com/reasons-your-orchid-is-wilting/ | https://www.littleflowercottage.com/7-mistakes-youre-making-with-your-orchids-and-how-to-fix-them/ | https://www.littleflowercottage.com/25-reasons-your-orchid-leaves-are-splitting/ | https://www.littleflowercottage.com/tips-for-growing-orchids-indoors/
weak,https://www.littleflowercottage.com/15-perfect-flowers-for-small-balcony-gardens-to-brighten-your-space/,15 Perfect Flowers for Small Balcony Gardens to Brighten Your Space,support_article,2,4,2058,2,https://www.littleflowercottage.com/15-fantastic-plants-to-grow-in-hanging-baskets-for-stunning-outdoor-displays/ | https://www.littleflowercottage.com/companion-plants-for-alyssum/
weak,https://www.littleflowercottage.com/9-reasons-your-snake-plant-is-leaning-and-how-to-fix-it/,9 Reasons Your Snake Plant Is Leaning (And How To Fix It),support_article,2,3,1982,16,https://www.littleflowercottage.com/7-signs-your-snake-plant-is-dying-and-how-to-save-it/ | https://www.littleflowercottage.com/9-reasons-your-snake-plant-isnt-growing/ | https://www.littleflowercottage.com/7-reasons-why-your-snake-plant-leaves-are-splitting/ | https://www.littleflowercottage.com/9-reasons-your-snake-plant-leaves-are-curling/ | https://www.littleflowercottage.com/8-ways-to-save-a-dying-snake-plant/ | https://www.littleflowercottage.com/7-reasons-your-snake-plant-is-wrinkled-and-how-to-fix-it/
weak,https://www.littleflowercottage.com/12-plants-not-to-grow-with-salvia/,12 Plants NOT to Grow With Salvia (and Why),support_article,2,4,1948,6,https://www.littleflowercottage.com/plants-not-to-plant-with-gypsophila-babys-breath/ | https://www.littleflowercottage.com/plants-not-to-plant-with-yarrow/ | https://www.littleflowercottage.com/10-plants-not-to-plant-with-hyacinth/ | https://www.littleflowercottage.com/plants-you-should-never-plant-with-geraniums/ | https://www.littleflowercottage.com/plants-not-to-plant-with-hollyhock/ | https://www.littleflowercottage.com/10-plants-not-to-grow-with-basil/
weak,https://www.littleflowercottage.com/10-plants-not-to-grow-with-basil/,10+ Plants NOT to Grow With Basil,support_article,2,4,1871,5,https://www.littleflowercottage.com/plants-you-should-never-plant-with-marigolds/ | https://www.littleflowercottage.com/plants-not-to-plant-with-alliums-and-why/ | https://www.littleflowercottage.com/plants-you-should-never-plant-with-larkspur/ | https://www.littleflowercottage.com/11-plants-not-to-plant-with-sunflowers-and-what-is-better/ | https://www.littleflowercottage.com/11-plants-not-to-plant-with-amaranthus/
weak,https://www.littleflowercottage.com/best-orchids-for-beginners/,The 5 Best Orchids for Beginners: How to Get Started,comparison_or_review,2,4,1819,10,https://www.littleflowercottage.com/8-stunning-orchid-varieties-you-can-grow-indoors/ | https://www.littleflowercottage.com/how-long-do-orchid-blooms-last/ | https://www.littleflowercottage.com/8-reasons-why-your-orchid-wont-bloom/ | https://www.littleflowercottage.com/how-to-grow-hanging-orchids/ | https://www.littleflowercottage.com/tips-to-make-your-orchid-grow-faster/ | https://www.littleflowercottage.com/signs-your-orchid-needs-repotting-and-what-to-do/
weak,https://www.littleflowercottage.com/plants-that-survive-winter-outside/,15 Plants That Survive Winter Outside (and Are Easy to Grow),support_article,2,4,1792,5,https://www.littleflowercottage.com/the-best-perennial-flowers-that-bloom-all-year/ | https://www.littleflowercottage.com/10-best-plants-to-plant-with-tulips/ | https://www.littleflowercottage.com/flowers-that-grow-in-shade/ | https://www.littleflowercottage.com/companion-plants-for-mustard/ | https://www.littleflowercottage.com/flowers-that-attract-birds-to-your-garden/
weak,https://www.littleflowercottage.com/tips-to-make-your-orchid-grow-faster/,10 Tips to Make Your Orchid Grow Faster,support_article,2,4,1751,11,https://www.littleflowercottage.com/how-to-make-an-orchid-rebloom/ | https://www.littleflowercottage.com/8-reasons-why-your-orchid-wont-bloom/ | https://www.littleflowercottage.com/tips-for-caring-for-an-orchid-indoors/ | https://www.littleflowercottage.com/7-ways-to-make-an-orchid-grow-a-new-spike/ | https://www.littleflowercottage.com/best-fertilizer-for-orchids-what-to-use-and-when/ | https://www.littleflowercottage.com/10-tips-to-care-for-your-orchids-the-right-way/
weak,https://www.littleflowercottage.com/tips-for-growing-orchids-indoors/,20+ Tips for Growing Orchids Indoors,support_article,2,4,1741,26,https://www.littleflowercottage.com/how-to-make-your-orchid-bloom-all-year-long/ | https://www.littleflowercottage.com/7-mistakes-youre-making-with-your-orchids-and-how-to-fix-them/ | https://www.littleflowercottage.com/reasons-your-orchid-is-wilting/ | https://www.littleflowercottage.com/8-stunning-orchid-varieties-you-can-grow-indoors/ | https://www.littleflowercottage.com/how-to-grow-hanging-orchids/ | https://www.littleflowercottage.com/tips-for-caring-for-an-orchid-indoors/
weak,https://www.littleflowercottage.com/plants-you-should-never-plant-with-hostas/,Plants You Should Never Plant With Hostas (And What To Plant Instead),support_article,2,4,1728,28,https://www.littleflowercottage.com/plants-not-to-plant-with-violets/ | https://www.littleflowercottage.com/plants-you-should-never-plant-with-lilacs/ | https://www.littleflowercottage.com/plants-not-to-plant-with-clematis/ | https://www.littleflowercottage.com/plants-not-to-plant-with-astilbe/ | https://www.littleflowercottage.com/plants-not-to-plant-with-tulips/ | https://www.littleflowercottage.com/plants-you-should-never-plant-with-lavender/
weak,https://www.littleflowercottage.com/plants-not-to-plant-with-chrysanthemums/,12 Plants Not to Plant with Chrysanthemums,support_article,2,4,1623,13,https://www.littleflowercottage.com/13-plants-you-should-never-plant-with-snapdragons-and-what-to-plant-instead/ | https://www.littleflowercottage.com/plants-not-to-plant-with-violets/ | https://www.littleflowercottage.com/plants-not-to-plant-with-petunias/ | https://www.littleflowercottage.com/plants-not-to-plant-with-carnations/ | https://www.littleflowercottage.com/plants-not-to-plant-with-lisianthus/ | https://www.littleflowercottage.com/plants-you-should-never-plant-with-daisies/
weak,https://www.littleflowercottage.com/19-reasons-your-peace-lily-flower-turned-green-with-fixes/,19 Reasons Your Peace Lily Flower Turned Green (with Fixes),support_article,2,4,1602,21,https://www.littleflowercottage.com/10-reasons-your-peace-lily-leaves-are-turning-yellow-with-fixes/ | https://www.littleflowercottage.com/7-reasons-why-your-peace-lily-is-not-flowering/ | https://www.littleflowercottage.com/8-reasons-your-peace-lily-is-drooping-and-how-to-revive-it/ | https://www.littleflowercottage.com/10-reasons-your-peace-lily-leaves-are-turning-black-with-fixes/ | https://www.littleflowercottage.com/how-to-save-a-dying-peace-lily/ | https://www.littleflowercottage.com/11-reasons-your-peace-lily-leaves-are-curling-with-fixes/
weak,https://www.littleflowercottage.com/how-to-grow-giant-sunflowers/,How to Grow Giant Sunflowers: Easy to Follow Steps,support_article,2,3,1578,0,
weak,https://www.littleflowercottage.com/plants-not-to-plant-with-clematis/,9 Plants Not to Plant with Clematis,support_article,2,4,1574,4,https://www.littleflowercottage.com/plants-you-should-never-plant-with-wisteria/ | https://www.littleflowercottage.com/plants-you-should-never-plant-with-lilacs/ | https://www.littleflowercottage.com/plants-not-to-plant-with-crocus/ | https://www.littleflowercottage.com/what-not-to-plant-with-honeysuckle/
weak,https://www.littleflowercottage.com/8-reasons-your-zinnias-are-dying-and-how-to-fix-them/,8 Reasons Your Zinnias Are Dying (And How to Fix Them!),support_article,2,4,1570,5,https://www.littleflowercottage.com/how-to-revive-a-dying-zinnia/ | https://www.littleflowercottage.com/7-reasons-your-zinnias-leaves-are-turning-brown-and-how-to-fix-it/ | https://www.littleflowercottage.com/how-to-grow-zinnias-an-easy-to-follow-guide-for-success/ | https://www.littleflowercottage.com/how-to-grow-zinnias-in-pots/ | https://www.littleflowercottage.com/7-reasons-why-your-zinnia-leaves-are-wilting/
weak,https://www.littleflowercottage.com/plants-not-to-plant-with-roses/,13 Plants Not to Plant with Roses (and Why),support_article,2,4,1565,15,https://www.littleflowercottage.com/10-plants-to-never-grow-next-to-roses/ | https://www.littleflowercottage.com/plants-you-should-never-plant-with-gardenia/ | https://www.littleflowercottage.com/plants-you-should-never-plant-with-wisteria/ | https://www.littleflowercottage.com/plants-you-should-never-plant-with-hostas/ | https://www.littleflowercottage.com/plants-not-to-plant-with-chrysanthemums/ | https://www.littleflowercottage.com/plants-not-to-plant-with-hibiscus/
weak,https://www.littleflowercottage.com/plants-not-to-plant-with-hollyhock/,13 Plants Not to Plant with Hollyhock,support_article,2,4,1565,8,https://www.littleflowercottage.com/13-plants-you-should-never-plant-with-phlox/ | https://www.littleflowercottage.com/plants-not-to-plant-with-ranunculus-and-why/ | https://www.littleflowercottage.com/plants-not-to-plant-with-columbine/ | https://www.littleflowercottage.com/plants-not-to-plant-with-black-eyed-susan-rudbeckia/ | https://www.littleflowercottage.com/plants-not-to-plant-with-catmint/ | https://www.littleflowercottage.com/plants-not-to-plant-with-camellia/
weak,https://www.littleflowercottage.com/7-reasons-for-holes-in-your-pothos-leaves-and-how-to-fix-them/,7 Reasons for Holes in your Pothos Leaves (and How to Fix Them),support_article,2,5,1550,2,https://www.littleflowercottage.com/7-common-orchid-pests-and-how-to-get-rid-of-them/ | https://www.littleflowercottage.com/how-to-get-rid-of-bugs-on-pothos-plants/
weak,https://www.littleflowercottage.com/9-reasons-your-pothos-leaves-are-turning-black-and-how-to-fix-it/,9 Reasons Your Pothos Leaves Are Turning Black and How to Fix It,support_article,2,4,1538,12,https://www.littleflowercottage.com/9-reasons-your-pothos-plant-has-brown-leaves-and-how-to-save-them/ | https://www.littleflowercottage.com/10-reasons-your-peace-lily-leaves-are-turning-black-with-fixes/ | https://www.littleflowercottage.com/7-signs-of-root-rot-in-pothos-with-causes-how-to-fix-more/ | https://www.littleflowercottage.com/pothos-plant-watering-guide-when-to-how-to-more/ | https://www.littleflowercottage.com/9-steps-to-save-a-dying-pothos-plant/ | https://www.littleflowercottage.com/20-reasons-your-pothos-isnt-growing-with-fixes/
weak,https://www.littleflowercottage.com/plants-not-to-plant-with-pansies/,13 Plants Not to Plant with Pansies (And What to Plant Instead),support_article,2,4,1531,9,https://www.littleflowercottage.com/plants-you-should-never-plant-with-daisies/ | https://www.littleflowercottage.com/plants-not-to-plant-with-tulips/ | https://www.littleflowercottage.com/plants-not-to-plant-with-hibiscus/ | https://www.littleflowercottage.com/plants-you-should-never-plant-with-forget-me-nots/ | https://www.littleflowercottage.com/plants-not-to-plant-with-gladiolus/ | https://www.littleflowercottage.com/10-plants-not-to-plant-with-hyacinth/
weak,https://www.littleflowercottage.com/plants-not-to-plant-with-sedum/,10 Plants Not to Plant with Sedum,support_article,2,4,1510,13,https://www.littleflowercottage.com/plants-not-to-plant-with-astilbe/ | https://www.littleflowercottage.com/plants-not-to-plant-with-clematis/ | https://www.littleflowercottage.com/plants-you-should-not-plant-with-liatris/ | https://www.littleflowercottage.com/plants-you-should-never-plant-with-your-buddleia/ | https://www.littleflowercottage.com/13-plants-you-should-never-plant-with-irises-and-what-to-grow-instead/ | https://www.littleflowercottage.com/plants-not-to-plant-with-crocus/
weak,https://www.littleflowercottage.com/plants-you-should-never-plant-with-peonies/,13 Plants You Should Never Plant with Peonies,support_article,2,4,1483,6,https://www.littleflowercottage.com/plants-not-to-plant-with-daylilies/ | https://www.littleflowercottage.com/13-plants-you-should-never-plant-with-irises-and-what-to-grow-instead/ | https://www.littleflowercottage.com/plants-not-to-plant-with-hibiscus/ | https://www.littleflowercottage.com/plants-not-to-plant-with-gladiolus/ | https://www.littleflowercottage.com/13-plants-you-should-never-plant-with-phlox/ | https://www.littleflowercottage.com/plants-not-to-plant-with-pansies/
weak,https://www.littleflowercottage.com/how-to-grow-zinnias-in-pots/,How to Grow Zinnias in Pots,support_article,2,4,1482,9,https://www.littleflowercottage.com/how-to-grow-zinnias-an-easy-to-follow-guide-for-success/ | https://www.littleflowercottage.com/how-to-propagate-zinnias-an-easy-step-by-step-guide/ | https://www.littleflowercottage.com/8-reasons-your-zinnias-are-dying-and-how-to-fix-them/ | https://www.littleflowercottage.com/the-6-best-zinnias-for-pollinators/ | https://www.littleflowercottage.com/the-7-best-zinnias-for-attracting-butterflies/ | https://www.littleflowercottage.com/how-to-revive-a-dying-zinnia/
weak,https://www.littleflowercottage.com/8-ways-to-save-a-dying-corn-plant/,8 Ways to Save a Dying Corn Plant,support_article,2,4,1473,17,https://www.littleflowercottage.com/9-practical-tips-to-save-a-dying-orchid/ | https://www.littleflowercottage.com/how-to-clean-monstera-leaves-a-simple-to-follow-guide/ | https://www.littleflowercottage.com/8-ways-to-save-a-dying-snake-plant/ | https://www.littleflowercottage.com/15-tips-to-make-your-zz-plant-grow-faster-and-healthier/ | https://www.littleflowercottage.com/10-signs-your-spider-plant-is-dying-and-what-to-do/ | https://www.littleflowercottage.com/20-reasons-your-pothos-isnt-growing-with-fixes/
weak,https://www.littleflowercottage.com/plants-you-should-never-plant-with-lilacs/,11+ Plants You Should NEVER Plant with Lilacs,support_article,2,4,1463,20,https://www.littleflowercottage.com/plants-you-should-never-plant-with-your-buddleia/ | https://www.littleflowercottage.com/plants-you-should-never-plant-with-gardenia/ | https://www.littleflowercottage.com/13-plants-not-to-plant-with-anemone/ | https://www.littleflowercottage.com/plants-not-to-plant-with-rhododendrons/ | https://www.littleflowercottage.com/plants-you-should-not-plant-with-liatris/ | https://www.littleflowercottage.com/13-plants-you-should-never-plant-with-phlox/
weak,https://www.littleflowercottage.com/6-plants-not-to-plant-with-zinnias/,6 Plants Not to Plant With Zinnias (and Why),support_article,2,4,1455,13,https://www.littleflowercottage.com/10-plants-not-to-plant-with-dianthus/ | https://www.littleflowercottage.com/plants-not-to-plant-with-amaranth/ | https://www.littleflowercottage.com/plants-not-to-plant-with-dahlias/ | https://www.littleflowercottage.com/5-plants-not-to-plant-with-marigolds/ | https://www.littleflowercottage.com/plants-not-to-plant-with-azaleas/ | https://www.littleflowercottage.com/plants-not-to-plant-with-coneflowers/
weak,https://www.littleflowercottage.com/tips-for-caring-for-an-orchid-indoors/,15 Tips for Caring for an Orchid Indoors,support_article,2,4,1454,22,https://www.littleflowercottage.com/10-tips-to-care-for-your-orchids-the-right-way/ | https://www.littleflowercottage.com/7-mistakes-youre-making-with-your-orchids-and-how-to-fix-them/ | https://www.littleflowercottage.com/how-to-make-your-orchid-bloom-all-year-long/ | https://www.littleflowercottage.com/signs-your-orchid-needs-repotting-and-what-to-do/ | https://www.littleflowercottage.com/12-reasons-your-orchid-leaves-are-turning-yellow-and-how-to-fix-them/ | https://www.littleflowercottage.com/how-long-do-orchid-blooms-last/
weak,https://www.littleflowercottage.com/10-plants-not-to-plant-with-hyacinth/,10+ Plants Not to Plant with Hyacinth,support_article,2,4,1431,4,https://www.littleflowercottage.com/plants-you-should-not-plant-with-daffodils/ | https://www.littleflowercottage.com/plants-you-should-never-plant-with-forget-me-nots/ | https://www.littleflowercottage.com/13-plants-not-to-plant-with-fuchsia-and-why/ | https://www.littleflowercottage.com/plants-not-to-plant-with-sedum/
weak,https://www.littleflowercottage.com/10-signs-your-spider-plant-is-dying-and-what-to-do/,10 Signs Your Spider Plant Is Dying (And What to Do),support_article,2,4,1414,20,https://www.littleflowercottage.com/3-main-reasons-your-spider-plant-isnt-growing-and-the-fixes/ | https://www.littleflowercottage.com/how-to-revive-a-dying-spider-plant-a-simple-guide/ | https://www.littleflowercottage.com/10-reasons-your-spider-plant-is-turning-yellow-and-how-to-fix-it/ | https://www.littleflowercottage.com/9-reasons-your-spider-plant-has-brown-tips-and-how-to-fix-them/ | https://www.littleflowercottage.com/spider-plant-care-guide/ | https://www.littleflowercottage.com/5-reasons-why-your-spider-plant-leaves-are-bending/
weak,https://www.littleflowercottage.com/plants-not-to-plant-with-cosmos/,13 Plants Not to Plant with Cosmos,support_article,2,4,1395,11,https://www.littleflowercottage.com/plants-not-to-plant-with-periwinkles/ | https://www.littleflowercottage.com/plants-you-should-never-plant-with-larkspur/ | https://www.littleflowercottage.com/13-plants-you-should-never-plant-with-snapdragons-and-what-to-plant-instead/ | https://www.littleflowercottage.com/plants-you-should-never-plant-with-poppies/ | https://www.littleflowercottage.com/10-plants-not-to-grow-with-basil/ | https://www.littleflowercottage.com/plants-not-to-plant-with-hollyhock/
weak,https://www.littleflowercottage.com/plants-not-to-plant-with-ranunculus-and-why/,Plants Not to Plant with Ranunculus (and Why),support_article,2,4,1386,15,https://www.littleflowercottage.com/13-plants-not-to-plant-with-buttercups/ | https://www.littleflowercottage.com/13-plants-not-to-plant-with-anemone/ | https://www.littleflowercottage.com/plants-not-to-plant-with-campanula/ | https://www.littleflowercottage.com/plants-not-to-plant-with-black-eyed-susan-rudbeckia/ | https://www.littleflowercottage.com/plants-not-to-plant-with-hollyhock/ | https://www.littleflowercottage.com/plants-not-to-plant-with-lilies/
weak,https://www.littleflowercottage.com/what-not-to-plant-with-honeysuckle/,What Not to Plant with Honeysuckle: 10 to Avoid,support_article,2,4,1371,2,https://www.littleflowercottage.com/plants-not-to-plant-with-clematis/ | https://www.littleflowercottage.com/plants-you-should-never-plant-with-wisteria/
weak,https://www.littleflowercottage.com/10-plants-and-flowers-that-can-harm-your-dog/,10 Plants and Flowers That Can Harm Your Dog: Keep Your Pet Safe,support_article,2,4,1369,0,
weak,https://www.littleflowercottage.com/10-plants-to-never-grow-next-to-roses/,10 Plants to Never Grow Next to Roses (and Why),support_article,2,4,1356,4,https://www.littleflowercottage.com/plants-not-to-plant-with-roses/ | https://www.littleflowercottage.com/11-plants-not-to-plant-with-sunflowers-and-what-is-better/ | https://www.littleflowercottage.com/plants-not-to-plant-with-alliums-and-why/ | https://www.littleflowercottage.com/plants-not-to-plant-with-lisianthus/
weak,https://www.littleflowercottage.com/plants-not-to-plant-with-alstroemeria/,Plants Not to Plant with Alstroemeria,support_article,2,4,1351,19,https://www.littleflowercottage.com/plants-not-to-plant-with-agapanthus/ | https://www.littleflowercottage.com/plants-not-to-plant-with-oleander/ | https://www.littleflowercottage.com/13-plants-not-to-plant-with-fuchsia-and-why/ | https://www.littleflowercottage.com/13-plants-not-to-plant-with-anemone/ | https://www.littleflowercottage.com/plants-not-to-plant-with-lilies/ | https://www.littleflowercottage.com/plants-not-to-plant-with-eryngium-sea-holly/
weak,https://www.littleflowercottage.com/13-plants-not-to-plant-with-poinsettia/,13 Plants Not to Plant with Poinsettia,support_article,2,4,1347,3,https://www.littleflowercottage.com/plants-not-to-plant-with-gypsophila-babys-breath/ | https://www.littleflowercottage.com/plants-you-should-never-plant-with-begonias/ | https://www.littleflowercottage.com/plants-you-should-never-plant-with-lavender/
weak,https://www.littleflowercottage.com/plants-not-to-plant-with-gladiolus/,10+ Plants NOT to Plant With Gladiolus (And What To Plant Instead),support_article,2,3,1315,9,https://www.littleflowercottage.com/13-plants-you-should-never-plant-with-snapdragons-and-what-to-plant-instead/ | https://www.littleflowercottage.com/plants-not-to-plant-with-morning-glory/ | https://www.littleflowercottage.com/plants-you-should-never-plant-with-daisies/ | https://www.littleflowercottage.com/plants-not-to-plant-with-hibiscus/ | https://www.littleflowercottage.com/what-not-to-plant-with-nasturtiums-13-plants-to-avoid/ | https://www.littleflowercottage.com/10-plants-not-to-grow-with-basil/
weak,https://www.littleflowercottage.com/plants-you-should-not-plant-with-daffodils/,12 Plants You Should NOT Plant With Daffodils (And What to Plant Instead),support_article,2,4,1301,5,https://www.littleflowercottage.com/plants-not-to-plant-with-tulips/ | https://www.littleflowercottage.com/10-plants-not-to-plant-with-hyacinth/ | https://www.littleflowercottage.com/10-best-plants-to-plant-with-tulips/ | https://www.littleflowercottage.com/10-plants-and-flowers-that-can-harm-your-dog/ | https://www.littleflowercottage.com/plants-not-to-plant-with-crocus/
weak,https://www.littleflowercottage.com/plants-you-should-never-plant-with-stock/,10 Plants You Should Never Plant With Stock,support_article,2,4,1271,6,https://www.littleflowercottage.com/plants-you-should-never-plant-with-marigolds/ | https://www.littleflowercottage.com/11-plants-not-to-plant-with-amaranthus/ | https://www.littleflowercottage.com/plants-not-to-plant-with-cornflower/ | https://www.littleflowercottage.com/plants-not-to-plant-with-nigella/ | https://www.littleflowercottage.com/plants-not-to-plant-with-chrysanthemums/ | https://www.littleflowercottage.com/plants-not-to-plant-with-lisianthus/
weak,https://www.littleflowercottage.com/plants-not-to-plant-with-hibiscus/,13 Plants NOT to Plant With Hibiscus,support_article,2,4,1255,8,https://www.littleflowercottage.com/what-not-to-plant-with-nasturtiums-13-plants-to-avoid/ | https://www.littleflowercottage.com/plants-you-should-never-plant-with-peonies/ | https://www.littleflowercottage.com/plants-you-should-never-plant-with-daisies/ | https://www.littleflowercottage.com/plants-not-to-plant-with-daylilies/ | https://www.littleflowercottage.com/plants-not-to-plant-with-gladiolus/ | https://www.littleflowercottage.com/plants-not-to-plant-with-pansies/
weak,https://www.littleflowercottage.com/plants-not-to-plant-with-aster/,7 Plants Not to Plant with Aster (and Why),support_article,2,4,1239,2,https://www.littleflowercottage.com/plants-not-to-plant-with-yarrow/ | https://www.littleflowercottage.com/plants-not-to-plant-with-chrysanthemums/
weak,https://www.littleflowercottage.com/plants-not-to-plant-with-foxglove/,9 Plants Not to Plant With Foxglove,support_article,2,4,1219,2,https://www.littleflowercottage.com/plants-not-to-plant-with-delphiniums/ | https://www.littleflowercottage.com/10-plants-not-to-plant-with-dianthus/
weak,https://www.littleflowercottage.com/how-to-care-for-tulips-in-a-vase-helpful-tips/,How to Care for Tulips in a Vase: Helpful Tips,support_article,2,4,1215,1,https://www.littleflowercottage.com/how-to-grow-tulips-indoors-a-simple-guide/
weak,https://www.littleflowercottage.com/13-plants-not-to-plant-with-anemone/,13 Plants Not to Plant with Anemone,support_article,2,4,1211,15,https://www.littleflowercottage.com/plants-you-should-never-plant-with-gardenia/ | https://www.littleflowercottage.com/plants-you-should-never-plant-with-your-buddleia/ | https://www.littleflowercottage.com/plants-not-to-plant-with-ranunculus-and-why/ | https://www.littleflowercottage.com/plants-not-to-plant-with-violets/ | https://www.littleflowercottage.com/plants-you-should-never-plant-with-peonies/ | https://www.littleflowercottage.com/plants-you-should-never-plant-with-lilacs/
weak,https://www.littleflowercottage.com/how-to-revive-a-dying-zinnia/,How to Revive a Dying Zinnia,support_article,2,4,1209,7,https://www.littleflowercottage.com/7-reasons-why-your-zinnia-leaves-are-wilting/ | https://www.littleflowercottage.com/8-reasons-your-zinnias-are-dying-and-how-to-fix-them/ | https://www.littleflowercottage.com/how-to-grow-zinnias-in-pots/ | https://www.littleflowercottage.com/7-reasons-your-zinnias-leaves-are-turning-brown-and-how-to-fix-it/ | https://www.littleflowercottage.com/how-to-revive-a-dying-succulent-6-tips-you-need-to-know/ | https://www.littleflowercottage.com/8-ways-to-save-a-dying-corn-plant/
weak,https://www.littleflowercottage.com/the-best-perennial-flowers-that-bloom-all-year/,The Best Perennial Flowers That Bloom All Year,comparison_or_review,2,4,1204,6,https://www.littleflowercottage.com/plants-that-survive-winter-outside/ | https://www.littleflowercottage.com/flowers-that-attract-butterflies-to-your-garden/ | https://www.littleflowercottage.com/flowers-that-grow-in-shade/ | https://www.littleflowercottage.com/10-best-plants-to-plant-with-tulips/ | https://www.littleflowercottage.com/flowers-that-look-like-bluebells/ | https://www.littleflowercottage.com/best-cottage-garden-flowers/
weak,https://www.littleflowercottage.com/what-not-to-plant-with-nasturtiums-13-plants-to-avoid/,What Not to Plant with Nasturtiums: 13 Plants to Avoid,support_article,2,4,1177,12,https://www.littleflowercottage.com/plants-not-to-plant-with-morning-glory/ | https://www.littleflowercottage.com/plants-not-to-plant-with-amaranth/ | https://www.littleflowercottage.com/plants-you-should-never-plant-with-marigolds/ | https://www.littleflowercottage.com/11-plants-not-to-plant-with-amaranthus/ | https://www.littleflowercottage.com/11-plants-not-to-plant-with-sunflowers-and-what-is-better/ | https://www.littleflowercottage.com/plants-not-to-plant-with-dahlias/
weak,https://www.littleflowercottage.com/plants-not-to-plant-with-delphiniums/,12 Plants Not to Plant With Delphiniums,support_article,2,4,1142,4,https://www.littleflowercottage.com/plants-not-to-plant-with-daylilies/ | https://www.littleflowercottage.com/10-plants-not-to-plant-with-dianthus/ | https://www.littleflowercottage.com/plants-not-to-plant-with-borage/ | https://www.littleflowercottage.com/11-plants-not-to-plant-with-verbena-and-why/
weak,https://www.littleflowercottage.com/plants-not-to-plant-with-oleander/,13 Plants NOT to Plant With Oleander (and Why),support_article,2,4,1140,5,https://www.littleflowercottage.com/plants-not-to-plant-with-periwinkles/ | https://www.littleflowercottage.com/10-plants-and-flowers-that-can-harm-your-dog/ | https://www.littleflowercottage.com/13-plants-not-to-plant-with-buttercups/ | https://www.littleflowercottage.com/plants-you-should-never-plant-with-wisteria/ | https://www.littleflowercottage.com/plants-not-to-plant-with-camellia/
weak,https://www.littleflowercottage.com/plants-not-to-plant-with-lisianthus/,Plants NOT to Plant with Lisianthus,support_article,2,4,1112,7,https://www.littleflowercottage.com/plants-not-to-plant-with-freesia/ | https://www.littleflowercottage.com/10-plants-to-never-grow-next-to-roses/ | https://www.littleflowercottage.com/plants-not-to-plant-with-celosia/ | https://www.littleflowercottage.com/plants-you-should-never-plant-with-stock/ | https://www.littleflowercottage.com/plants-not-to-plant-with-scabiosa-pincushion-flower/ | https://www.littleflowercottage.com/11-plants-not-to-plant-with-sunflowers-and-what-is-better/
weak,https://www.littleflowercottage.com/how-to-grow-toadflax/,How to Grow Toadflax: A Simple Guide,support_article,2,4,1046,7,https://www.littleflowercottage.com/how-to-grow-star-of-the-veldt/ | https://www.littleflowercottage.com/how-to-grow-malope/ | https://www.littleflowercottage.com/how-to-grow-mignonette/ | https://www.littleflowercottage.com/how-to-grow-immortelle/ | https://www.littleflowercottage.com/easiest-flowers-for-beginners-to-grow/ | https://www.littleflowercottage.com/the-6-best-zinnias-for-pollinators/
weak,https://www.littleflowercottage.com/plants-not-to-plant-with-daylilies/,11 Plants Not to Plant With Daylilies,support_article,2,4,985,9,https://www.littleflowercottage.com/plants-not-to-plant-with-coneflowers/ | https://www.littleflowercottage.com/plants-you-should-never-plant-with-peonies/ | https://www.littleflowercottage.com/plants-not-to-plant-with-hibiscus/ | https://www.littleflowercottage.com/13-plants-you-should-never-plant-with-irises-and-what-to-grow-instead/ | https://www.littleflowercottage.com/plants-not-to-plant-with-azaleas/ | https://www.littleflowercottage.com/plants-not-to-plant-with-delphiniums/
weak,https://www.littleflowercottage.com/7-reasons-your-peace-lily-leaves-are-turning-brown-with-how-to-fix-them/,7 Reasons Your Peace Lily Leaves Are Turning Brown (With How to Fix Them),support_article,2,3,949,15,https://www.littleflowercottage.com/8-reasons-your-peace-lily-leaves-are-turning-brown-with-fixes/ | https://www.littleflowercottage.com/10-reasons-your-peace-lily-leaves-are-turning-yellow-with-fixes/ | https://www.littleflowercottage.com/8-reasons-your-peace-lily-is-drooping-and-how-to-revive-it/ | https://www.littleflowercottage.com/10-reasons-your-peace-lily-leaves-are-turning-black-with-fixes/ | https://www.littleflowercottage.com/how-to-prune-a-peace-lily-a-step-by-step-guide/ | https://www.littleflowercottage.com/13-reasons-your-pothos-is-turning-brown-and-how-to-fix-it/
weak,https://www.littleflowercottage.com/plants-not-to-plant-with-borage/,10+ Plants Not to Plant With Borage,support_article,2,4,941,10,https://www.littleflowercottage.com/plants-not-to-plant-with-coneflowers/ | https://www.littleflowercottage.com/5-plants-not-to-plant-with-marigolds/ | https://www.littleflowercottage.com/plants-not-to-plant-with-azaleas/ | https://www.littleflowercottage.com/plants-not-to-plant-with-hydrangeas/ | https://www.littleflowercottage.com/plants-not-to-plant-with-delphiniums/ | https://www.littleflowercottage.com/plants-not-to-plant-with-alliums-and-why/
weak,https://www.littleflowercottage.com/plants-not-to-plant-with-amaranth/,12 Plants Not to Plant With Amaranth,support_article,2,4,895,13,https://www.littleflowercottage.com/plants-not-to-plant-with-alyssum/ | https://www.littleflowercottage.com/5-plants-not-to-plant-with-marigolds/ | https://www.littleflowercottage.com/plants-not-to-plant-with-dahlias/ | https://www.littleflowercottage.com/6-plants-not-to-plant-with-zinnias/ | https://www.littleflowercottage.com/plants-not-to-plant-with-azaleas/ | https://www.littleflowercottage.com/plants-not-to-plant-with-borage/
weak,https://www.littleflowercottage.com/the-6-best-zinnias-for-pollinators/,The 6 Best Zinnias for Pollinators,comparison_or_review,2,4,877,4,https://www.littleflowercottage.com/the-7-best-zinnias-for-attracting-butterflies/ | https://www.littleflowercottage.com/flowers-that-attract-butterflies-to-your-garden/ | https://www.littleflowercottage.com/flowers-that-attract-birds-to-your-garden/ | https://www.littleflowercottage.com/creative-uses-for-lavender-in-your-garden/
